[0m19:29:07.152519 [debug] [MainThread]: Sending event: {'category': 'dbt', 'action': 'invocation', 'label': 'start', 'context': [<snowplow_tracker.self_describing_json.SelfDescribingJson object at 0x00000232417DA510>, <snowplow_tracker.self_describing_json.SelfDescribingJson object at 0x0000023243BABD90>, <snowplow_tracker.self_describing_json.SelfDescribingJson object at 0x0000023243BAB890>]}


============================== 19:29:07.187019 | d2f5d2f3-518c-438f-94d4-91313065df9c ==============================
[0m19:29:07.187019 [info ] [MainThread]: Running with dbt=1.12.3
[0m19:29:07.188367 [debug] [MainThread]: running dbt with arguments {'maximum_seed_size_mib': '1', 'no_print': 'None', 'static_parser': 'True', 'target_path': 'None', 'warn_error_options': 'WarnErrorOptionsV2(error=[], warn=[], silence=[])', 'version_check': 'True', 'printer_width': '80', 'write_json': 'True', 'empty': 'None', 'log_cache_events': 'False', 'introspect': 'True', 'cache_selected_only': 'False', 'log_format': 'default', 'debug': 'False', 'fail_fast': 'False', 'partial_parse': 'True', 'send_anonymous_usage_stats': 'True', 'quiet': 'False', 'warn_error': 'None', 'profiles_dir': 'C:\\Users\\RaghavV\\.dbt', 'use_colors': 'True', 'hints_enabled': 'True', 'indirect_selection': 'eager', 'use_experimental_parser': 'False', 'invocation_command': 'dbt debug', 'log_path': 'C:\\dbt\\snowflake_project\\logs'}
[0m19:29:08.123237 [info ] [MainThread]: dbt version: 1.12.3
[0m19:29:08.124669 [info ] [MainThread]: python version: 3.13.14
[0m19:29:08.125610 [info ] [MainThread]: python path: C:\dbt\.venv\Scripts\python.exe
[0m19:29:08.126718 [info ] [MainThread]: os info: Windows-11-10.0.26200-SP0
[0m19:29:24.207386 [debug] [MainThread]: Snowflake adapter: Setting snowflake.connector to ERROR (file logging only)
[0m19:29:24.208480 [debug] [MainThread]: Snowflake adapter: Setting botocore to ERROR (file logging only)
[0m19:29:24.209795 [debug] [MainThread]: Snowflake adapter: Setting boto3 to ERROR (file logging only)
[0m19:29:35.949206 [info ] [MainThread]: Using profiles dir at C:\Users\RaghavV\.dbt
[0m19:29:35.950027 [info ] [MainThread]: Using profiles.yml file at C:\Users\RaghavV\.dbt\profiles.yml
[0m19:29:35.950965 [info ] [MainThread]: Using dbt_project.yml file at C:\dbt\snowflake_project\dbt_project.yml
[0m19:29:35.975318 [info ] [MainThread]: adapter type: snowflake
[0m19:29:35.976147 [info ] [MainThread]: adapter version: 1.12.0
[0m19:29:36.099208 [info ] [MainThread]: Configuration:
[0m19:29:36.100895 [info ] [MainThread]:   profiles.yml file [[32mOK found and valid[0m]
[0m19:29:36.102513 [info ] [MainThread]:   dbt_project.yml file [[32mOK found and valid[0m]
[0m19:29:36.103887 [info ] [MainThread]: Required dependencies:
[0m19:29:36.104620 [debug] [MainThread]: Executing "git --help"
[0m19:29:36.175989 [debug] [MainThread]: STDOUT: "b"usage: git [-v | --version] [-h | --help] [-C <path>] [-c <name>=<value>]\n           [--exec-path[=<path>]] [--html-path] [--man-path] [--info-path]\n           [-p | --paginate | -P | --no-pager] [--no-replace-objects] [--no-lazy-fetch]\n           [--no-optional-locks] [--no-advice] [--bare] [--git-dir=<path>]\n           [--work-tree=<path>] [--namespace=<name>] [--config-env=<name>=<envvar>]\n           <command> [<args>]\n\nThese are common Git commands used in various situations:\n\nstart a working area (see also: git help tutorial)\n   clone      Clone a repository into a new directory\n   init       Create an empty Git repository or reinitialize an existing one\n\nwork on the current change (see also: git help everyday)\n   add        Add file contents to the index\n   mv         Move or rename a file, a directory, or a symlink\n   restore    Restore working tree files\n   rm         Remove files from the working tree and from the index\n\nexamine the history and state (see also: git help revisions)\n   bisect     Use binary search to find the commit that introduced a bug\n   diff       Show changes between commits, commit and working tree, etc\n   grep       Print lines matching a pattern\n   log        Show commit logs\n   show       Show various types of objects\n   status     Show the working tree status\n\ngrow, mark and tweak your common history\n   backfill   Download missing objects in a partial clone\n   branch     List, create, or delete branches\n   commit     Record changes to the repository\n   history    EXPERIMENTAL: Rewrite history\n   merge      Join two or more development histories together\n   rebase     Reapply commits on top of another base tip\n   reset      Set `HEAD` or the index to a known state\n   switch     Switch branches\n   tag        Create, list, delete or verify tags\n\ncollaborate (see also: git help workflows)\n   fetch      Download objects and refs from another repository\n   pull       Fetch from and integrate with another repository or a local branch\n   push       Update remote refs along with associated objects\n\n'git help -a' and 'git help -g' list available subcommands and some\nconcept guides. See 'git help <command>' or 'git help <concept>'\nto read about a specific subcommand or concept.\nSee 'git help git' for an overview of the system.\n""
[0m19:29:36.176942 [debug] [MainThread]: STDERR: "b''"
[0m19:29:36.177660 [info ] [MainThread]:  - git [[32mOK found[0m]

[0m19:29:36.178131 [info ] [MainThread]: Connection:
[0m19:29:36.178657 [info ] [MainThread]:   account: XVUPOUT-YR53548
[0m19:29:36.179159 [info ] [MainThread]:   user: RAGHAVVENKATACHARI
[0m19:29:36.179508 [info ] [MainThread]:   database: DCM_LEARNING
[0m19:29:36.179840 [info ] [MainThread]:   warehouse: COMPUTE_WH
[0m19:29:36.180171 [info ] [MainThread]:   role: ACCOUNTADMIN
[0m19:29:36.180454 [info ] [MainThread]:   schema: TEST
[0m19:29:36.180848 [info ] [MainThread]:   authenticator: None
[0m19:29:36.181230 [info ] [MainThread]:   oauth_client_id: None
[0m19:29:36.181487 [info ] [MainThread]:   query_tag: None
[0m19:29:36.181892 [info ] [MainThread]:   client_session_keep_alive: False
[0m19:29:36.182398 [info ] [MainThread]:   host: None
[0m19:29:36.183055 [info ] [MainThread]:   port: None
[0m19:29:36.183439 [info ] [MainThread]:   proxy_host: None
[0m19:29:36.183833 [info ] [MainThread]:   proxy_port: None
[0m19:29:36.184215 [info ] [MainThread]:   protocol: None
[0m19:29:36.184488 [info ] [MainThread]:   connect_retries: 1
[0m19:29:36.184826 [info ] [MainThread]:   connect_timeout: None
[0m19:29:36.185290 [info ] [MainThread]:   retry_on_database_errors: False
[0m19:29:36.185653 [info ] [MainThread]:   retry_all: False
[0m19:29:36.186023 [info ] [MainThread]:   insecure_mode: False
[0m19:29:36.186247 [info ] [MainThread]:   reuse_connections: True
[0m19:29:36.186682 [info ] [MainThread]:   s3_stage_vpce_dns_name: None
[0m19:29:36.187144 [info ] [MainThread]:   workload_identity_provider: None
[0m19:29:36.187557 [info ] [MainThread]:   workload_identity_entra_resource: None
[0m19:29:36.187950 [info ] [MainThread]:   platform_detection_timeout_seconds: 0.0
[0m19:29:36.188585 [info ] [MainThread]: Registered adapter: snowflake=1.12.0
[0m19:29:36.884829 [debug] [MainThread]: Acquiring new snowflake connection 'debug'
[0m19:29:36.919907 [debug] [MainThread]: Using snowflake connection "debug"
[0m19:29:36.921162 [debug] [MainThread]: On debug: select 1 as id
[0m19:29:36.922022 [debug] [MainThread]: Opening a new connection, currently in state init
[0m19:29:38.736423 [debug] [MainThread]: SQL status: SUCCESS 1 in 1.814 seconds
[0m19:29:38.739337 [info ] [MainThread]:   Connection test: [[32mOK connection ok[0m]

[0m19:29:38.740753 [info ] [MainThread]: [32mAll checks passed![0m
[0m19:29:38.744804 [debug] [MainThread]: Command `dbt debug` succeeded at 19:29:38.744295 after 32.06 seconds
[0m19:29:38.746020 [debug] [MainThread]: Connection 'debug' was left open.
[0m19:29:38.746608 [debug] [MainThread]: On debug: Close
[0m19:29:38.852142 [debug] [MainThread]: Sending event: {'category': 'dbt', 'action': 'invocation', 'label': 'end', 'context': [<snowplow_tracker.self_describing_json.SelfDescribingJson object at 0x0000023245D836F0>, <snowplow_tracker.self_describing_json.SelfDescribingJson object at 0x0000023245FCB0B0>, <snowplow_tracker.self_describing_json.SelfDescribingJson object at 0x0000023245FA1E10>]}
[0m19:29:38.853964 [debug] [MainThread]: Flushing usage events
[0m19:29:40.360044 [debug] [MainThread]: An error was encountered while trying to flush usage events
[0m08:39:19.830933 [debug] [MainThread]: Sending event: {'category': 'dbt', 'action': 'invocation', 'label': 'start', 'context': [<snowplow_tracker.self_describing_json.SelfDescribingJson object at 0x0000022219CBA510>, <snowplow_tracker.self_describing_json.SelfDescribingJson object at 0x000002221C0FBED0>, <snowplow_tracker.self_describing_json.SelfDescribingJson object at 0x000002221C0FB9D0>]}


============================== 08:39:19.875787 | ee0db958-d609-4d94-b866-5f2d3eb3ad1f ==============================
[0m08:39:19.875787 [info ] [MainThread]: Running with dbt=1.12.3
[0m08:39:19.878939 [debug] [MainThread]: running dbt with arguments {'version_check': 'True', 'no_print': 'None', 'maximum_seed_size_mib': '1', 'warn_error_options': 'WarnErrorOptionsV2(error=[], warn=[], silence=[])', 'target_path': 'None', 'static_parser': 'True', 'printer_width': '80', 'write_json': 'True', 'empty': 'False', 'log_cache_events': 'False', 'introspect': 'True', 'cache_selected_only': 'False', 'fail_fast': 'False', 'debug': 'False', 'log_format': 'default', 'profiles_dir': 'C:\\Users\\RaghavV\\.dbt', 'send_anonymous_usage_stats': 'True', 'quiet': 'False', 'warn_error': 'None', 'partial_parse': 'True', 'invocation_command': 'dbt run', 'hints_enabled': 'True', 'use_colors': 'True', 'use_experimental_parser': 'False', 'indirect_selection': 'eager', 'log_path': 'C:\\dbt\\snowflake_project\\logs'}
[0m08:39:39.309396 [debug] [MainThread]: Snowflake adapter: Setting snowflake.connector to ERROR (file logging only)
[0m08:39:39.311421 [debug] [MainThread]: Snowflake adapter: Setting botocore to ERROR (file logging only)
[0m08:39:39.312527 [debug] [MainThread]: Snowflake adapter: Setting boto3 to ERROR (file logging only)
[0m08:39:54.828654 [debug] [MainThread]: Sending event: {'category': 'dbt', 'action': 'project_id', 'label': 'ee0db958-d609-4d94-b866-5f2d3eb3ad1f', 'context': [<snowplow_tracker.self_describing_json.SelfDescribingJson object at 0x000002221B00E650>]}
[0m08:39:54.923680 [debug] [MainThread]: Sending event: {'category': 'dbt', 'action': 'adapter_info', 'label': 'ee0db958-d609-4d94-b866-5f2d3eb3ad1f', 'context': [<snowplow_tracker.self_describing_json.SelfDescribingJson object at 0x000002221E47B9B0>]}
[0m08:39:54.967200 [info ] [MainThread]: Registered adapter: snowflake=1.12.0
[0m08:39:56.073685 [debug] [MainThread]: checksum: 3a3c27a524e818ee7bd77a795e8dfd119f00607797ea8906f3f50a8cf548551f, vars: {}, profile: snowflake_project, target: dev, version: 1.12.3
[0m08:39:56.075999 [info ] [MainThread]: Unable to do partial parsing because saved manifest not found. Starting full parse.
[0m08:39:56.077366 [debug] [MainThread]: Sending event: {'category': 'dbt', 'action': 'partial_parser', 'label': 'ee0db958-d609-4d94-b866-5f2d3eb3ad1f', 'context': [<snowplow_tracker.self_describing_json.SelfDescribingJson object at 0x000002221E142450>]}
[0m08:40:05.621898 [debug] [MainThread]: Sending event: {'category': 'dbt', 'action': 'load_project', 'label': 'ee0db958-d609-4d94-b866-5f2d3eb3ad1f', 'context': [<snowplow_tracker.self_describing_json.SelfDescribingJson object at 0x000002221B605220>]}
[0m08:40:05.743078 [debug] [MainThread]: Wrote artifact WritableManifest to C:\dbt\snowflake_project\target\manifest.json
[0m08:40:05.796631 [debug] [MainThread]: Wrote artifact SemanticManifest to C:\dbt\snowflake_project\target\semantic_manifest.json
[0m08:40:07.189443 [debug] [MainThread]: Wrote artifact OsiDocument to C:\dbt\snowflake_project\target\osi_document.json
[0m08:40:07.704133 [debug] [MainThread]: Sending event: {'category': 'dbt', 'action': 'resource_counts', 'label': 'ee0db958-d609-4d94-b866-5f2d3eb3ad1f', 'context': [<snowplow_tracker.self_describing_json.SelfDescribingJson object at 0x000002221ED89010>]}
[0m08:40:07.707570 [info ] [MainThread]: Found 3 models, 4 data tests, 545 macros
[0m08:40:07.711185 [debug] [MainThread]: Sending event: {'category': 'dbt', 'action': 'runnable_timing', 'label': 'ee0db958-d609-4d94-b866-5f2d3eb3ad1f', 'context': [<snowplow_tracker.self_describing_json.SelfDescribingJson object at 0x000002221EECCEF0>]}
[0m08:40:07.716563 [info ] [MainThread]: 
[0m08:40:07.717885 [info ] [MainThread]: Concurrency: 5 threads (target='dev')
[0m08:40:07.718727 [info ] [MainThread]: 
[0m08:40:07.720163 [debug] [MainThread]: Acquiring new snowflake connection 'master'
[0m08:40:07.736861 [debug] [ThreadPool]: Acquiring new snowflake connection 'list_DCM_LEARNING'
[0m08:40:07.822869 [debug] [ThreadPool]: Using snowflake connection "list_DCM_LEARNING"
[0m08:40:07.824144 [debug] [ThreadPool]: On list_DCM_LEARNING: show terse schemas in database DCM_LEARNING
    limit 10000
/* {"app": "dbt", "dbt_version": "1.12.3", "profile_name": "snowflake_project", "target_name": "dev", "connection_name": "list_DCM_LEARNING"} */
[0m08:40:07.825605 [debug] [ThreadPool]: Opening a new connection, currently in state init
[0m08:40:10.117332 [debug] [ThreadPool]: SQL status: SUCCESS 3 in 2.292 seconds
[0m08:40:10.126647 [debug] [ThreadPool]: Acquiring new snowflake connection 'list_DCM_LEARNING_TEST'
[0m08:40:10.164801 [debug] [ThreadPool]: Using snowflake connection "list_DCM_LEARNING_TEST"
[0m08:40:10.165910 [debug] [ThreadPool]: On list_DCM_LEARNING_TEST: show objects in DCM_LEARNING.TEST
    limit 10000
    

/* {"app": "dbt", "dbt_version": "1.12.3", "profile_name": "snowflake_project", "target_name": "dev", "connection_name": "list_DCM_LEARNING_TEST"} */;
[0m08:40:10.166564 [debug] [ThreadPool]: Opening a new connection, currently in state init
[0m08:40:13.099233 [debug] [ThreadPool]: SQL status: SUCCESS 2 in 2.932 seconds
[0m08:40:13.118214 [debug] [ThreadPool]: Using snowflake connection "list_DCM_LEARNING_TEST"
[0m08:40:13.119428 [debug] [ThreadPool]: On list_DCM_LEARNING_TEST: show user functions in DCM_LEARNING.TEST
/* {"app": "dbt", "dbt_version": "1.12.3", "profile_name": "snowflake_project", "target_name": "dev", "connection_name": "list_DCM_LEARNING_TEST"} */
[0m08:40:13.227214 [debug] [ThreadPool]: SQL status: SUCCESS 0 in 0.107 seconds
[0m08:40:13.238842 [debug] [MainThread]: Sending event: {'category': 'dbt', 'action': 'runnable_timing', 'label': 'ee0db958-d609-4d94-b866-5f2d3eb3ad1f', 'context': [<snowplow_tracker.self_describing_json.SelfDescribingJson object at 0x000002221EE0D550>]}
[0m08:40:13.293223 [debug] [Thread-2 (]: Began running node model.snowflake_project.my_first_dbt_model
[0m08:40:13.295848 [info ] [Thread-2 (]: 1 of 2 START sql table model TEST.my_first_dbt_model ........................... [RUN]
[0m08:40:13.302152 [debug] [Thread-2 (]: Acquiring new snowflake connection 'model.snowflake_project.my_first_dbt_model'
[0m08:40:13.303970 [debug] [Thread-2 (]: Began compiling node model.snowflake_project.my_first_dbt_model
[0m08:40:13.329632 [debug] [Thread-2 (]: Writing injected SQL for node "model.snowflake_project.my_first_dbt_model"
[0m08:40:13.347659 [debug] [Thread-2 (]: Began executing node model.snowflake_project.my_first_dbt_model
[0m08:40:13.423409 [debug] [Thread-2 (]: Writing runtime sql for node "model.snowflake_project.my_first_dbt_model"
[0m08:40:13.435162 [debug] [Thread-2 (]: Using snowflake connection "model.snowflake_project.my_first_dbt_model"
[0m08:40:13.436924 [debug] [Thread-2 (]: On model.snowflake_project.my_first_dbt_model: create or replace transient table DCM_LEARNING.TEST.my_first_dbt_model
    
    
    
    
    

    as (/*
    Welcome to your first dbt model!
    Did you know that you can also configure models directly within SQL files?
    This will override configurations stated in dbt_project.yml

    Try changing "table" to "view" below
*/



with source_data as (

    select 1 as id
    union all
    select null as id

)

select *
from source_data

/*
    Uncomment the line below to remove records with null `id` values
*/

-- where id is not null
    )

/* {"app": "dbt", "dbt_version": "1.12.3", "profile_name": "snowflake_project", "target_name": "dev", "node_id": "model.snowflake_project.my_first_dbt_model"} */;
[0m08:40:13.438045 [debug] [Thread-2 (]: Opening a new connection, currently in state init
[0m08:40:14.941028 [debug] [Thread-2 (]: SQL status: SUCCESS 2 in 1.502 seconds
[0m08:40:15.102557 [debug] [Thread-2 (]: Sending event: {'category': 'dbt', 'action': 'run_model', 'label': 'ee0db958-d609-4d94-b866-5f2d3eb3ad1f', 'context': [<snowplow_tracker.self_describing_json.SelfDescribingJson object at 0x0000022220088310>]}
[0m08:40:15.105902 [info ] [Thread-2 (]: 1 of 2 OK created sql table model TEST.my_first_dbt_model ...................... [[32mSUCCESS 2[0m in 1.73s]
[0m08:40:15.110300 [debug] [Thread-2 (]: Finished running node model.snowflake_project.my_first_dbt_model
[0m08:40:15.115148 [debug] [Thread-3 (]: Began running node model.snowflake_project.my_second_dbt_model
[0m08:40:15.118222 [info ] [Thread-3 (]: 2 of 2 START sql view model TEST.my_second_dbt_model ........................... [RUN]
[0m08:40:15.127399 [debug] [Thread-3 (]: Acquiring new snowflake connection 'model.snowflake_project.my_second_dbt_model'
[0m08:40:15.129014 [debug] [Thread-3 (]: Began compiling node model.snowflake_project.my_second_dbt_model
[0m08:40:15.138432 [debug] [Thread-3 (]: Writing injected SQL for node "model.snowflake_project.my_second_dbt_model"
[0m08:40:15.144764 [debug] [Thread-3 (]: Began executing node model.snowflake_project.my_second_dbt_model
[0m08:40:15.202881 [debug] [Thread-3 (]: Writing runtime sql for node "model.snowflake_project.my_second_dbt_model"
[0m08:40:15.205725 [debug] [Thread-3 (]: Using snowflake connection "model.snowflake_project.my_second_dbt_model"
[0m08:40:15.206438 [debug] [Thread-3 (]: On model.snowflake_project.my_second_dbt_model: create or replace   view DCM_LEARNING.TEST.my_second_dbt_model
  
  
  
  
  as (
    -- Use the `ref` function to select from other models

select *
from DCM_LEARNING.TEST.my_first_dbt_model
where id = 1
  )
/* {"app": "dbt", "dbt_version": "1.12.3", "profile_name": "snowflake_project", "target_name": "dev", "node_id": "model.snowflake_project.my_second_dbt_model"} */;
[0m08:40:15.206928 [debug] [Thread-3 (]: Opening a new connection, currently in state init
[0m08:40:16.434157 [debug] [Thread-3 (]: SQL status: SUCCESS 1 in 1.226 seconds
[0m08:40:16.442920 [debug] [Thread-3 (]: Sending event: {'category': 'dbt', 'action': 'run_model', 'label': 'ee0db958-d609-4d94-b866-5f2d3eb3ad1f', 'context': [<snowplow_tracker.self_describing_json.SelfDescribingJson object at 0x000002221B621590>]}
[0m08:40:16.445462 [info ] [Thread-3 (]: 2 of 2 OK created sql view model TEST.my_second_dbt_model ...................... [[32mSUCCESS 1[0m in 1.32s]
[0m08:40:16.449292 [debug] [Thread-3 (]: Finished running node model.snowflake_project.my_second_dbt_model
[0m08:40:16.455910 [debug] [MainThread]: Connection 'master' was properly closed.
[0m08:40:16.457081 [debug] [MainThread]: Connection 'list_DCM_LEARNING' was left open.
[0m08:40:16.458154 [debug] [MainThread]: On list_DCM_LEARNING: Close
[0m08:40:16.590692 [debug] [MainThread]: Connection 'list_DCM_LEARNING_TEST' was left open.
[0m08:40:16.592458 [debug] [MainThread]: On list_DCM_LEARNING_TEST: Close
[0m08:40:16.707822 [debug] [MainThread]: Connection 'model.snowflake_project.my_first_dbt_model' was left open.
[0m08:40:16.709552 [debug] [MainThread]: On model.snowflake_project.my_first_dbt_model: Close
[0m08:40:16.825393 [debug] [MainThread]: Connection 'model.snowflake_project.my_second_dbt_model' was left open.
[0m08:40:16.826995 [debug] [MainThread]: On model.snowflake_project.my_second_dbt_model: Close
[0m08:40:16.993276 [info ] [MainThread]: 
[0m08:40:16.995208 [info ] [MainThread]: Finished running 1 table model, 1 view model in 0 hours 0 minutes and 9.27 seconds (9.27s).
[0m08:40:16.999397 [debug] [MainThread]: Command end result
[0m08:40:17.094390 [debug] [MainThread]: Wrote artifact WritableManifest to C:\dbt\snowflake_project\target\manifest.json
[0m08:40:17.102640 [debug] [MainThread]: Wrote artifact SemanticManifest to C:\dbt\snowflake_project\target\semantic_manifest.json
[0m08:40:17.108802 [debug] [MainThread]: Wrote artifact OsiDocument to C:\dbt\snowflake_project\target\osi_document.json
[0m08:40:17.120464 [debug] [MainThread]: Wrote artifact RunExecutionResult to C:\dbt\snowflake_project\target\run_results.json
[0m08:40:17.121098 [info ] [MainThread]: 
[0m08:40:17.121907 [info ] [MainThread]: [32mCompleted successfully[0m
[0m08:40:17.122848 [info ] [MainThread]: 
[0m08:40:17.123536 [info ] [MainThread]: Done. PASS=2 WARN=0 ERROR=0 SKIP=0 NO-OP=0 REUSED=0 TOTAL=2
[0m08:40:17.125353 [debug] [MainThread]: Command `dbt run` succeeded at 08:40:17.125145 after 57.98 seconds
[0m08:40:17.125947 [debug] [MainThread]: Sending event: {'category': 'dbt', 'action': 'invocation', 'label': 'end', 'context': [<snowplow_tracker.self_describing_json.SelfDescribingJson object at 0x000002221ED96550>, <snowplow_tracker.self_describing_json.SelfDescribingJson object at 0x000002221ED67150>, <snowplow_tracker.self_describing_json.SelfDescribingJson object at 0x000002221C16A0B0>]}
[0m08:40:17.126514 [debug] [MainThread]: Flushing usage events
[0m08:40:18.911886 [debug] [MainThread]: An error was encountered while trying to flush usage events
[0m08:40:37.666450 [debug] [MainThread]: Sending event: {'category': 'dbt', 'action': 'invocation', 'label': 'start', 'context': [<snowplow_tracker.self_describing_json.SelfDescribingJson object at 0x00000227F37BE510>, <snowplow_tracker.self_describing_json.SelfDescribingJson object at 0x00000227F5C03ED0>, <snowplow_tracker.self_describing_json.SelfDescribingJson object at 0x00000227F5C039D0>]}


============================== 08:40:37.676767 | 4c603367-08e7-4d06-818f-f383883d985a ==============================
[0m08:40:37.676767 [info ] [MainThread]: Running with dbt=1.12.3
[0m08:40:37.678510 [debug] [MainThread]: running dbt with arguments {'maximum_seed_size_mib': '1', 'no_print': 'None', 'static_parser': 'True', 'warn_error_options': 'WarnErrorOptionsV2(error=[], warn=[], silence=[])', 'target_path': 'None', 'version_check': 'True', 'printer_width': '80', 'write_json': 'True', 'empty': 'False', 'log_cache_events': 'False', 'introspect': 'True', 'cache_selected_only': 'False', 'log_format': 'default', 'debug': 'False', 'fail_fast': 'False', 'profiles_dir': 'C:\\Users\\RaghavV\\.dbt', 'send_anonymous_usage_stats': 'True', 'quiet': 'False', 'warn_error': 'None', 'partial_parse': 'True', 'invocation_command': 'dbt run', 'hints_enabled': 'True', 'use_colors': 'True', 'use_experimental_parser': 'False', 'indirect_selection': 'eager', 'log_path': 'C:\\dbt\\snowflake_project\\logs'}
[0m08:40:38.538751 [debug] [MainThread]: Snowflake adapter: Setting snowflake.connector to ERROR (file logging only)
[0m08:40:38.540058 [debug] [MainThread]: Snowflake adapter: Setting botocore to ERROR (file logging only)
[0m08:40:38.540837 [debug] [MainThread]: Snowflake adapter: Setting boto3 to ERROR (file logging only)
[0m08:40:39.012116 [debug] [MainThread]: Sending event: {'category': 'dbt', 'action': 'project_id', 'label': '4c603367-08e7-4d06-818f-f383883d985a', 'context': [<snowplow_tracker.self_describing_json.SelfDescribingJson object at 0x00000227F3B0E650>]}
[0m08:40:39.137345 [debug] [MainThread]: Sending event: {'category': 'dbt', 'action': 'adapter_info', 'label': '4c603367-08e7-4d06-818f-f383883d985a', 'context': [<snowplow_tracker.self_describing_json.SelfDescribingJson object at 0x00000227F7EBB9B0>]}
[0m08:40:39.139625 [info ] [MainThread]: Registered adapter: snowflake=1.12.0
[0m08:40:39.746007 [debug] [MainThread]: checksum: 3a3c27a524e818ee7bd77a795e8dfd119f00607797ea8906f3f50a8cf548551f, vars: {}, profile: snowflake_project, target: dev, version: 1.12.3
[0m08:40:40.008767 [debug] [MainThread]: Partial parsing enabled: 0 files deleted, 0 files added, 1 files changed.
[0m08:40:40.010321 [debug] [MainThread]: Partial parsing: updated file: snowflake_project://models\example\orders_summary.sql
[0m08:40:40.432242 [error] [MainThread]: [[31mERROR[0m]: Encountered an error:
Compilation Error
  Model 'model.snowflake_project.orders_summary' (models\example\orders_summary.sql) depends on a source named 'dcm_raw.ORDERS_RAW' which was not found
[0m08:40:40.436323 [debug] [MainThread]: Command `dbt run` failed at 08:40:40.435998 after 3.11 seconds
[0m08:40:40.437225 [debug] [MainThread]: Sending event: {'category': 'dbt', 'action': 'invocation', 'label': 'end', 'context': [<snowplow_tracker.self_describing_json.SelfDescribingJson object at 0x00000227F83AD950>, <snowplow_tracker.self_describing_json.SelfDescribingJson object at 0x00000227F83AE850>, <snowplow_tracker.self_describing_json.SelfDescribingJson object at 0x00000227F834B980>]}
[0m08:40:40.438000 [debug] [MainThread]: Flushing usage events
[0m08:40:41.944873 [debug] [MainThread]: An error was encountered while trying to flush usage events
[0m08:41:11.201996 [debug] [MainThread]: Sending event: {'category': 'dbt', 'action': 'invocation', 'label': 'start', 'context': [<snowplow_tracker.self_describing_json.SelfDescribingJson object at 0x0000021DD79BA510>, <snowplow_tracker.self_describing_json.SelfDescribingJson object at 0x0000021DD9DFFED0>, <snowplow_tracker.self_describing_json.SelfDescribingJson object at 0x0000021DD9DFF9D0>]}


============================== 08:41:11.211556 | 4f62b8eb-4e3b-4386-b3fe-3b05ae7505ca ==============================
[0m08:41:11.211556 [info ] [MainThread]: Running with dbt=1.12.3
[0m08:41:11.214964 [debug] [MainThread]: running dbt with arguments {'maximum_seed_size_mib': '1', 'no_print': 'None', 'version_check': 'True', 'warn_error_options': 'WarnErrorOptionsV2(error=[], warn=[], silence=[])', 'target_path': 'None', 'static_parser': 'True', 'printer_width': '80', 'write_json': 'True', 'empty': 'False', 'log_cache_events': 'False', 'introspect': 'True', 'cache_selected_only': 'False', 'fail_fast': 'False', 'debug': 'False', 'log_format': 'default', 'partial_parse': 'True', 'send_anonymous_usage_stats': 'True', 'quiet': 'False', 'warn_error': 'None', 'profiles_dir': 'C:\\Users\\RaghavV\\.dbt', 'use_colors': 'True', 'hints_enabled': 'True', 'indirect_selection': 'eager', 'use_experimental_parser': 'False', 'invocation_command': 'dbt run', 'log_path': 'C:\\dbt\\snowflake_project\\logs'}
[0m08:41:12.158763 [debug] [MainThread]: Snowflake adapter: Setting snowflake.connector to ERROR (file logging only)
[0m08:41:12.159642 [debug] [MainThread]: Snowflake adapter: Setting botocore to ERROR (file logging only)
[0m08:41:12.160109 [debug] [MainThread]: Snowflake adapter: Setting boto3 to ERROR (file logging only)
[0m08:41:12.720095 [debug] [MainThread]: Sending event: {'category': 'dbt', 'action': 'project_id', 'label': '4f62b8eb-4e3b-4386-b3fe-3b05ae7505ca', 'context': [<snowplow_tracker.self_describing_json.SelfDescribingJson object at 0x0000021DD7D0E650>]}
[0m08:41:12.846818 [debug] [MainThread]: Sending event: {'category': 'dbt', 'action': 'adapter_info', 'label': '4f62b8eb-4e3b-4386-b3fe-3b05ae7505ca', 'context': [<snowplow_tracker.self_describing_json.SelfDescribingJson object at 0x0000021DDC0DB9B0>]}
[0m08:41:12.849228 [info ] [MainThread]: Registered adapter: snowflake=1.12.0
[0m08:41:13.418949 [debug] [MainThread]: checksum: 3a3c27a524e818ee7bd77a795e8dfd119f00607797ea8906f3f50a8cf548551f, vars: {}, profile: snowflake_project, target: dev, version: 1.12.3
[0m08:41:13.731274 [debug] [MainThread]: Partial parsing enabled: 0 files deleted, 0 files added, 2 files changed.
[0m08:41:13.732771 [debug] [MainThread]: Partial parsing: updated file: snowflake_project://models\example\staging\sources.yml
[0m08:41:13.733459 [debug] [MainThread]: Partial parsing: updated file: snowflake_project://models\example\orders_summary.sql
[0m08:41:14.503854 [debug] [MainThread]: Sending event: {'category': 'dbt', 'action': 'load_project', 'label': '4f62b8eb-4e3b-4386-b3fe-3b05ae7505ca', 'context': [<snowplow_tracker.self_describing_json.SelfDescribingJson object at 0x0000021DDC5CF550>]}
[0m08:41:14.692056 [debug] [MainThread]: Wrote artifact WritableManifest to C:\dbt\snowflake_project\target\manifest.json
[0m08:41:14.698068 [debug] [MainThread]: Wrote artifact SemanticManifest to C:\dbt\snowflake_project\target\semantic_manifest.json
[0m08:41:14.731355 [debug] [MainThread]: Wrote artifact OsiDocument to C:\dbt\snowflake_project\target\osi_document.json
[0m08:41:14.751156 [debug] [MainThread]: Sending event: {'category': 'dbt', 'action': 'resource_counts', 'label': '4f62b8eb-4e3b-4386-b3fe-3b05ae7505ca', 'context': [<snowplow_tracker.self_describing_json.SelfDescribingJson object at 0x0000021DDC939B80>]}
[0m08:41:14.752407 [info ] [MainThread]: Found 3 models, 4 data tests, 1 source, 545 macros
[0m08:41:14.753799 [debug] [MainThread]: Sending event: {'category': 'dbt', 'action': 'runnable_timing', 'label': '4f62b8eb-4e3b-4386-b3fe-3b05ae7505ca', 'context': [<snowplow_tracker.self_describing_json.SelfDescribingJson object at 0x0000021DDC75F930>]}
[0m08:41:14.758748 [info ] [MainThread]: 
[0m08:41:14.759961 [info ] [MainThread]: Concurrency: 5 threads (target='dev')
[0m08:41:14.761770 [info ] [MainThread]: 
[0m08:41:14.764425 [debug] [MainThread]: Acquiring new snowflake connection 'master'
[0m08:41:14.781994 [debug] [ThreadPool]: Acquiring new snowflake connection 'list_DCM_LEARNING'
[0m08:41:14.811451 [debug] [ThreadPool]: Using snowflake connection "list_DCM_LEARNING"
[0m08:41:14.812463 [debug] [ThreadPool]: On list_DCM_LEARNING: show terse schemas in database DCM_LEARNING
    limit 10000
/* {"app": "dbt", "dbt_version": "1.12.3", "profile_name": "snowflake_project", "target_name": "dev", "connection_name": "list_DCM_LEARNING"} */
[0m08:41:14.813628 [debug] [ThreadPool]: Opening a new connection, currently in state init
[0m08:41:15.972063 [debug] [ThreadPool]: SQL status: SUCCESS 3 in 1.158 seconds
[0m08:41:15.985479 [debug] [ThreadPool]: Acquiring new snowflake connection 'list_DCM_LEARNING_TEST'
[0m08:41:16.025408 [debug] [ThreadPool]: Using snowflake connection "list_DCM_LEARNING_TEST"
[0m08:41:16.026565 [debug] [ThreadPool]: On list_DCM_LEARNING_TEST: show objects in DCM_LEARNING.TEST
    limit 10000
    

/* {"app": "dbt", "dbt_version": "1.12.3", "profile_name": "snowflake_project", "target_name": "dev", "connection_name": "list_DCM_LEARNING_TEST"} */;
[0m08:41:16.027366 [debug] [ThreadPool]: Opening a new connection, currently in state init
[0m08:41:16.893316 [debug] [ThreadPool]: SQL status: SUCCESS 4 in 0.865 seconds
[0m08:41:16.915616 [debug] [ThreadPool]: Using snowflake connection "list_DCM_LEARNING_TEST"
[0m08:41:16.916896 [debug] [ThreadPool]: On list_DCM_LEARNING_TEST: show user functions in DCM_LEARNING.TEST
/* {"app": "dbt", "dbt_version": "1.12.3", "profile_name": "snowflake_project", "target_name": "dev", "connection_name": "list_DCM_LEARNING_TEST"} */
[0m08:41:17.097839 [debug] [ThreadPool]: SQL status: SUCCESS 0 in 0.180 seconds
[0m08:41:17.107672 [debug] [MainThread]: Sending event: {'category': 'dbt', 'action': 'runnable_timing', 'label': '4f62b8eb-4e3b-4386-b3fe-3b05ae7505ca', 'context': [<snowplow_tracker.self_describing_json.SelfDescribingJson object at 0x0000021DDCB42000>]}
[0m08:41:17.125806 [debug] [Thread-3 (]: Began running node model.snowflake_project.orders_summary
[0m08:41:17.124153 [debug] [Thread-2 (]: Began running node model.snowflake_project.my_first_dbt_model
[0m08:41:17.128465 [info ] [Thread-3 (]: 2 of 3 START sql view model TEST.orders_summary ................................ [RUN]
[0m08:41:17.132613 [debug] [Thread-3 (]: Acquiring new snowflake connection 'model.snowflake_project.orders_summary'
[0m08:41:17.133393 [debug] [Thread-3 (]: Began compiling node model.snowflake_project.orders_summary
[0m08:41:17.148845 [debug] [Thread-3 (]: Writing injected SQL for node "model.snowflake_project.orders_summary"
[0m08:41:17.130235 [info ] [Thread-2 (]: 1 of 3 START sql table model TEST.my_first_dbt_model ........................... [RUN]
[0m08:41:17.154451 [debug] [Thread-2 (]: Acquiring new snowflake connection 'model.snowflake_project.my_first_dbt_model'
[0m08:41:17.155676 [debug] [Thread-2 (]: Began compiling node model.snowflake_project.my_first_dbt_model
[0m08:41:17.160702 [debug] [Thread-2 (]: Writing injected SQL for node "model.snowflake_project.my_first_dbt_model"
[0m08:41:17.170143 [debug] [Thread-3 (]: Began executing node model.snowflake_project.orders_summary
[0m08:41:17.179029 [debug] [Thread-2 (]: Began executing node model.snowflake_project.my_first_dbt_model
[0m08:41:17.282493 [debug] [Thread-3 (]: Writing runtime sql for node "model.snowflake_project.orders_summary"
[0m08:41:17.296431 [debug] [Thread-2 (]: Writing runtime sql for node "model.snowflake_project.my_first_dbt_model"
[0m08:41:17.306200 [debug] [Thread-3 (]: Using snowflake connection "model.snowflake_project.orders_summary"
[0m08:41:17.307663 [debug] [Thread-2 (]: Using snowflake connection "model.snowflake_project.my_first_dbt_model"
[0m08:41:17.308759 [debug] [Thread-3 (]: On model.snowflake_project.orders_summary: create or replace   view DCM_LEARNING.TEST.orders_summary
  
  
  
  
  as (
    SELECT
    customer_id,
    COUNT(*) AS order_count,
    SUM(amount) AS total_spent
FROM DCM_LEARNING.TEST.ORDERS_RAW
GROUP BY customer_id
  )
/* {"app": "dbt", "dbt_version": "1.12.3", "profile_name": "snowflake_project", "target_name": "dev", "node_id": "model.snowflake_project.orders_summary"} */;
[0m08:41:17.309747 [debug] [Thread-2 (]: On model.snowflake_project.my_first_dbt_model: create or replace transient table DCM_LEARNING.TEST.my_first_dbt_model
    
    
    
    
    

    as (/*
    Welcome to your first dbt model!
    Did you know that you can also configure models directly within SQL files?
    This will override configurations stated in dbt_project.yml

    Try changing "table" to "view" below
*/



with source_data as (

    select 1 as id
    union all
    select null as id

)

select *
from source_data

/*
    Uncomment the line below to remove records with null `id` values
*/

-- where id is not null
    )

/* {"app": "dbt", "dbt_version": "1.12.3", "profile_name": "snowflake_project", "target_name": "dev", "node_id": "model.snowflake_project.my_first_dbt_model"} */;
[0m08:41:17.310599 [debug] [Thread-3 (]: Opening a new connection, currently in state init
[0m08:41:17.312027 [debug] [Thread-2 (]: Opening a new connection, currently in state init
[0m08:41:18.120309 [debug] [Thread-3 (]: SQL status: SUCCESS 1 in 0.809 seconds
[0m08:41:18.195904 [debug] [Thread-3 (]: Sending event: {'category': 'dbt', 'action': 'run_model', 'label': '4f62b8eb-4e3b-4386-b3fe-3b05ae7505ca', 'context': [<snowplow_tracker.self_describing_json.SelfDescribingJson object at 0x0000021DDCA23DD0>]}
[0m08:41:18.198303 [info ] [Thread-3 (]: 2 of 3 OK created sql view model TEST.orders_summary ........................... [[32mSUCCESS 1[0m in 1.06s]
[0m08:41:18.200308 [debug] [Thread-3 (]: Finished running node model.snowflake_project.orders_summary
[0m08:41:18.529647 [debug] [Thread-2 (]: SQL status: SUCCESS 2 in 1.217 seconds
[0m08:41:18.541330 [debug] [Thread-2 (]: Sending event: {'category': 'dbt', 'action': 'run_model', 'label': '4f62b8eb-4e3b-4386-b3fe-3b05ae7505ca', 'context': [<snowplow_tracker.self_describing_json.SelfDescribingJson object at 0x0000021DDCC3A150>]}
[0m08:41:18.542758 [info ] [Thread-2 (]: 1 of 3 OK created sql table model TEST.my_first_dbt_model ...................... [[32mSUCCESS 2[0m in 1.39s]
[0m08:41:18.545498 [debug] [Thread-2 (]: Finished running node model.snowflake_project.my_first_dbt_model
[0m08:41:18.547730 [debug] [Thread-4 (]: Began running node model.snowflake_project.my_second_dbt_model
[0m08:41:18.549436 [info ] [Thread-4 (]: 3 of 3 START sql view model TEST.my_second_dbt_model ........................... [RUN]
[0m08:41:18.551675 [debug] [Thread-4 (]: Acquiring new snowflake connection 'model.snowflake_project.my_second_dbt_model'
[0m08:41:18.553058 [debug] [Thread-4 (]: Began compiling node model.snowflake_project.my_second_dbt_model
[0m08:41:18.559690 [debug] [Thread-4 (]: Writing injected SQL for node "model.snowflake_project.my_second_dbt_model"
[0m08:41:18.565587 [debug] [Thread-4 (]: Began executing node model.snowflake_project.my_second_dbt_model
[0m08:41:18.572471 [debug] [Thread-4 (]: Writing runtime sql for node "model.snowflake_project.my_second_dbt_model"
[0m08:41:18.578146 [debug] [Thread-4 (]: Using snowflake connection "model.snowflake_project.my_second_dbt_model"
[0m08:41:18.580710 [debug] [Thread-4 (]: On model.snowflake_project.my_second_dbt_model: create or replace   view DCM_LEARNING.TEST.my_second_dbt_model
  
  
  
  
  as (
    -- Use the `ref` function to select from other models

select *
from DCM_LEARNING.TEST.my_first_dbt_model
where id = 1
  )
/* {"app": "dbt", "dbt_version": "1.12.3", "profile_name": "snowflake_project", "target_name": "dev", "node_id": "model.snowflake_project.my_second_dbt_model"} */;
[0m08:41:18.582370 [debug] [Thread-4 (]: Opening a new connection, currently in state init
[0m08:41:19.551985 [debug] [Thread-4 (]: SQL status: SUCCESS 1 in 0.970 seconds
[0m08:41:19.558392 [debug] [Thread-4 (]: Sending event: {'category': 'dbt', 'action': 'run_model', 'label': '4f62b8eb-4e3b-4386-b3fe-3b05ae7505ca', 'context': [<snowplow_tracker.self_describing_json.SelfDescribingJson object at 0x0000021DDCC5A8F0>]}
[0m08:41:19.561819 [info ] [Thread-4 (]: 3 of 3 OK created sql view model TEST.my_second_dbt_model ...................... [[32mSUCCESS 1[0m in 1.01s]
[0m08:41:19.566209 [debug] [Thread-4 (]: Finished running node model.snowflake_project.my_second_dbt_model
[0m08:41:19.574086 [debug] [MainThread]: Connection 'master' was properly closed.
[0m08:41:19.575316 [debug] [MainThread]: Connection 'list_DCM_LEARNING' was left open.
[0m08:41:19.576427 [debug] [MainThread]: On list_DCM_LEARNING: Close
[0m08:41:19.686099 [debug] [MainThread]: Connection 'list_DCM_LEARNING_TEST' was left open.
[0m08:41:19.687417 [debug] [MainThread]: On list_DCM_LEARNING_TEST: Close
[0m08:41:19.807414 [debug] [MainThread]: Connection 'model.snowflake_project.orders_summary' was left open.
[0m08:41:19.808496 [debug] [MainThread]: On model.snowflake_project.orders_summary: Close
[0m08:41:19.942084 [debug] [MainThread]: Connection 'model.snowflake_project.my_first_dbt_model' was left open.
[0m08:41:19.943622 [debug] [MainThread]: On model.snowflake_project.my_first_dbt_model: Close
[0m08:41:20.063948 [debug] [MainThread]: Connection 'model.snowflake_project.my_second_dbt_model' was left open.
[0m08:41:20.064999 [debug] [MainThread]: On model.snowflake_project.my_second_dbt_model: Close
[0m08:41:20.175322 [info ] [MainThread]: 
[0m08:41:20.177864 [info ] [MainThread]: Finished running 1 table model, 2 view models in 0 hours 0 minutes and 5.41 seconds (5.41s).
[0m08:41:20.181272 [debug] [MainThread]: Command end result
[0m08:41:20.266768 [debug] [MainThread]: Wrote artifact WritableManifest to C:\dbt\snowflake_project\target\manifest.json
[0m08:41:20.273306 [debug] [MainThread]: Wrote artifact SemanticManifest to C:\dbt\snowflake_project\target\semantic_manifest.json
[0m08:41:20.279237 [debug] [MainThread]: Wrote artifact OsiDocument to C:\dbt\snowflake_project\target\osi_document.json
[0m08:41:20.295320 [debug] [MainThread]: Wrote artifact RunExecutionResult to C:\dbt\snowflake_project\target\run_results.json
[0m08:41:20.296705 [info ] [MainThread]: 
[0m08:41:20.298229 [info ] [MainThread]: [32mCompleted successfully[0m
[0m08:41:20.299682 [info ] [MainThread]: 
[0m08:41:20.300806 [info ] [MainThread]: Done. PASS=3 WARN=0 ERROR=0 SKIP=0 NO-OP=0 REUSED=0 TOTAL=3
[0m08:41:20.303039 [debug] [MainThread]: Command `dbt run` succeeded at 08:41:20.302824 after 9.44 seconds
[0m08:41:20.303647 [debug] [MainThread]: Sending event: {'category': 'dbt', 'action': 'invocation', 'label': 'end', 'context': [<snowplow_tracker.self_describing_json.SelfDescribingJson object at 0x0000021DD3816BD0>, <snowplow_tracker.self_describing_json.SelfDescribingJson object at 0x0000021DD7CA3950>, <snowplow_tracker.self_describing_json.SelfDescribingJson object at 0x0000021DD9E660B0>]}
[0m08:41:20.304371 [debug] [MainThread]: Flushing usage events
[0m08:41:21.907028 [debug] [MainThread]: An error was encountered while trying to flush usage events
[0m08:45:56.661814 [debug] [MainThread]: Sending event: {'category': 'dbt', 'action': 'invocation', 'label': 'start', 'context': [<snowplow_tracker.self_describing_json.SelfDescribingJson object at 0x0000020D69EBA510>, <snowplow_tracker.self_describing_json.SelfDescribingJson object at 0x0000020D6C2FFED0>, <snowplow_tracker.self_describing_json.SelfDescribingJson object at 0x0000020D6C2FF9D0>]}


============================== 08:45:56.672786 | c191ffc5-ff38-4d95-b0ff-370b0ccc8a25 ==============================
[0m08:45:56.672786 [info ] [MainThread]: Running with dbt=1.12.3
[0m08:45:56.674492 [debug] [MainThread]: running dbt with arguments {'static_parser': 'True', 'no_print': 'None', 'version_check': 'True', 'warn_error_options': 'WarnErrorOptionsV2(error=[], warn=[], silence=[])', 'maximum_seed_size_mib': '1', 'target_path': 'None', 'printer_width': '80', 'write_json': 'True', 'introspect': 'True', 'log_cache_events': 'False', 'empty': 'False', 'cache_selected_only': 'False', 'log_format': 'default', 'debug': 'False', 'fail_fast': 'False', 'profiles_dir': 'C:\\Users\\RaghavV\\.dbt', 'send_anonymous_usage_stats': 'True', 'quiet': 'False', 'warn_error': 'None', 'partial_parse': 'True', 'invocation_command': 'dbt run', 'hints_enabled': 'True', 'use_colors': 'True', 'use_experimental_parser': 'False', 'indirect_selection': 'eager', 'log_path': 'C:\\dbt\\snowflake_project\\logs'}
[0m08:45:57.447448 [debug] [MainThread]: Snowflake adapter: Setting snowflake.connector to ERROR (file logging only)
[0m08:45:57.448287 [debug] [MainThread]: Snowflake adapter: Setting botocore to ERROR (file logging only)
[0m08:45:57.448744 [debug] [MainThread]: Snowflake adapter: Setting boto3 to ERROR (file logging only)
[0m08:45:57.832823 [debug] [MainThread]: Sending event: {'category': 'dbt', 'action': 'project_id', 'label': 'c191ffc5-ff38-4d95-b0ff-370b0ccc8a25', 'context': [<snowplow_tracker.self_describing_json.SelfDescribingJson object at 0x0000020D6A20E650>]}
[0m08:45:57.914124 [debug] [MainThread]: Sending event: {'category': 'dbt', 'action': 'adapter_info', 'label': 'c191ffc5-ff38-4d95-b0ff-370b0ccc8a25', 'context': [<snowplow_tracker.self_describing_json.SelfDescribingJson object at 0x0000020D6E67B9B0>]}
[0m08:45:57.915814 [info ] [MainThread]: Registered adapter: snowflake=1.12.0
[0m08:45:58.333320 [debug] [MainThread]: checksum: 3a3c27a524e818ee7bd77a795e8dfd119f00607797ea8906f3f50a8cf548551f, vars: {}, profile: snowflake_project, target: dev, version: 1.12.3
[0m08:45:58.538420 [debug] [MainThread]: Partial parsing enabled: 2 files deleted, 0 files added, 0 files changed.
[0m08:45:58.539197 [debug] [MainThread]: Partial parsing: deleted file: snowflake_project://models\example\my_second_dbt_model.sql
[0m08:45:58.539560 [debug] [MainThread]: Partial parsing: deleted file: snowflake_project://models\example\my_first_dbt_model.sql
[0m08:45:58.762474 [warn ] [MainThread]: [[33mWARNING[0m]: Did not find matching node for patch with name 'my_second_dbt_model' in the 'models' section of file 'models\example\schema.yml'
[0m08:45:58.765963 [warn ] [MainThread]: [[33mWARNING[0m]: Did not find matching node for patch with name 'my_first_dbt_model' in the 'models' section of file 'models\example\schema.yml'
[0m08:45:58.941178 [warn ] [MainThread]: [[33mWARNING[0m]: Test 'test.snowflake_project.unique_my_second_dbt_model_id.57a0f8c493' (models\example\schema.yml) depends on a node named 'my_second_dbt_model' in package '' which was not found
[0m08:45:58.942008 [warn ] [MainThread]: [[33mWARNING[0m]: Test 'test.snowflake_project.not_null_my_second_dbt_model_id.151b76d778' (models\example\schema.yml) depends on a node named 'my_second_dbt_model' in package '' which was not found
[0m08:45:58.942615 [warn ] [MainThread]: [[33mWARNING[0m]: Test 'test.snowflake_project.unique_my_first_dbt_model_id.16e066b321' (models\example\schema.yml) depends on a node named 'my_first_dbt_model' in package '' which was not found
[0m08:45:58.943130 [warn ] [MainThread]: [[33mWARNING[0m]: Test 'test.snowflake_project.not_null_my_first_dbt_model_id.5fb22c2710' (models\example\schema.yml) depends on a node named 'my_first_dbt_model' in package '' which was not found
[0m08:45:59.069948 [debug] [MainThread]: Sending event: {'category': 'dbt', 'action': 'load_project', 'label': 'c191ffc5-ff38-4d95-b0ff-370b0ccc8a25', 'context': [<snowplow_tracker.self_describing_json.SelfDescribingJson object at 0x0000020D6EB6AB50>]}
[0m08:45:59.265056 [debug] [MainThread]: Wrote artifact WritableManifest to C:\dbt\snowflake_project\target\manifest.json
[0m08:45:59.271415 [debug] [MainThread]: Wrote artifact SemanticManifest to C:\dbt\snowflake_project\target\semantic_manifest.json
[0m08:45:59.308982 [debug] [MainThread]: Wrote artifact OsiDocument to C:\dbt\snowflake_project\target\osi_document.json
[0m08:45:59.330125 [debug] [MainThread]: Sending event: {'category': 'dbt', 'action': 'resource_counts', 'label': 'c191ffc5-ff38-4d95-b0ff-370b0ccc8a25', 'context': [<snowplow_tracker.self_describing_json.SelfDescribingJson object at 0x0000020D6EED67B0>]}
[0m08:45:59.331573 [info ] [MainThread]: Found 1 model, 1 source, 545 macros
[0m08:45:59.332455 [debug] [MainThread]: Sending event: {'category': 'dbt', 'action': 'runnable_timing', 'label': 'c191ffc5-ff38-4d95-b0ff-370b0ccc8a25', 'context': [<snowplow_tracker.self_describing_json.SelfDescribingJson object at 0x0000020D6ED844B0>]}
[0m08:45:59.335554 [info ] [MainThread]: 
[0m08:45:59.336329 [info ] [MainThread]: Concurrency: 5 threads (target='dev')
[0m08:45:59.336876 [info ] [MainThread]: 
[0m08:45:59.339605 [debug] [MainThread]: Acquiring new snowflake connection 'master'
[0m08:45:59.343823 [debug] [ThreadPool]: Acquiring new snowflake connection 'list_DCM_LEARNING'
[0m08:45:59.370489 [debug] [ThreadPool]: Using snowflake connection "list_DCM_LEARNING"
[0m08:45:59.371221 [debug] [ThreadPool]: On list_DCM_LEARNING: show terse schemas in database DCM_LEARNING
    limit 10000
/* {"app": "dbt", "dbt_version": "1.12.3", "profile_name": "snowflake_project", "target_name": "dev", "connection_name": "list_DCM_LEARNING"} */
[0m08:45:59.371640 [debug] [ThreadPool]: Opening a new connection, currently in state init
[0m08:46:00.326682 [debug] [ThreadPool]: SQL status: SUCCESS 3 in 0.955 seconds
[0m08:46:00.335681 [debug] [ThreadPool]: Acquiring new snowflake connection 'list_DCM_LEARNING_TEST'
[0m08:46:00.369876 [debug] [ThreadPool]: Using snowflake connection "list_DCM_LEARNING_TEST"
[0m08:46:00.370970 [debug] [ThreadPool]: On list_DCM_LEARNING_TEST: show objects in DCM_LEARNING.TEST
    limit 10000
    

/* {"app": "dbt", "dbt_version": "1.12.3", "profile_name": "snowflake_project", "target_name": "dev", "connection_name": "list_DCM_LEARNING_TEST"} */;
[0m08:46:00.371728 [debug] [ThreadPool]: Opening a new connection, currently in state init
[0m08:46:01.156330 [debug] [ThreadPool]: SQL status: SUCCESS 5 in 0.784 seconds
[0m08:46:01.179253 [debug] [ThreadPool]: Using snowflake connection "list_DCM_LEARNING_TEST"
[0m08:46:01.180778 [debug] [ThreadPool]: On list_DCM_LEARNING_TEST: show user functions in DCM_LEARNING.TEST
/* {"app": "dbt", "dbt_version": "1.12.3", "profile_name": "snowflake_project", "target_name": "dev", "connection_name": "list_DCM_LEARNING_TEST"} */
[0m08:46:01.258655 [debug] [ThreadPool]: SQL status: SUCCESS 0 in 0.077 seconds
[0m08:46:01.271715 [debug] [MainThread]: Sending event: {'category': 'dbt', 'action': 'runnable_timing', 'label': 'c191ffc5-ff38-4d95-b0ff-370b0ccc8a25', 'context': [<snowplow_tracker.self_describing_json.SelfDescribingJson object at 0x0000020D6F1D9230>]}
[0m08:46:01.298568 [debug] [Thread-2 (]: Began running node model.snowflake_project.orders_summary
[0m08:46:01.301231 [info ] [Thread-2 (]: 1 of 1 START sql view model TEST.orders_summary ................................ [RUN]
[0m08:46:01.306151 [debug] [Thread-2 (]: Acquiring new snowflake connection 'model.snowflake_project.orders_summary'
[0m08:46:01.308201 [debug] [Thread-2 (]: Began compiling node model.snowflake_project.orders_summary
[0m08:46:01.332755 [debug] [Thread-2 (]: Writing injected SQL for node "model.snowflake_project.orders_summary"
[0m08:46:01.338434 [debug] [Thread-2 (]: Began executing node model.snowflake_project.orders_summary
[0m08:46:01.415148 [debug] [Thread-2 (]: Writing runtime sql for node "model.snowflake_project.orders_summary"
[0m08:46:01.418317 [debug] [Thread-2 (]: Using snowflake connection "model.snowflake_project.orders_summary"
[0m08:46:01.418890 [debug] [Thread-2 (]: On model.snowflake_project.orders_summary: create or replace   view DCM_LEARNING.TEST.orders_summary
  
  
  
  
  as (
    SELECT
    customer_id,
    COUNT(*) AS order_count,
    SUM(amount) AS total_spent
FROM DCM_LEARNING.TEST.ORDERS_RAW
GROUP BY customer_id
  )
/* {"app": "dbt", "dbt_version": "1.12.3", "profile_name": "snowflake_project", "target_name": "dev", "node_id": "model.snowflake_project.orders_summary"} */;
[0m08:46:01.419398 [debug] [Thread-2 (]: Opening a new connection, currently in state init
[0m08:46:01.973314 [debug] [Thread-2 (]: SQL status: SUCCESS 1 in 0.553 seconds
[0m08:46:02.053350 [debug] [Thread-2 (]: Sending event: {'category': 'dbt', 'action': 'run_model', 'label': 'c191ffc5-ff38-4d95-b0ff-370b0ccc8a25', 'context': [<snowplow_tracker.self_describing_json.SelfDescribingJson object at 0x0000020D6F190D10>]}
[0m08:46:02.056425 [info ] [Thread-2 (]: 1 of 1 OK created sql view model TEST.orders_summary ........................... [[32mSUCCESS 1[0m in 0.75s]
[0m08:46:02.060168 [debug] [Thread-2 (]: Finished running node model.snowflake_project.orders_summary
[0m08:46:02.067933 [debug] [MainThread]: Connection 'master' was properly closed.
[0m08:46:02.068655 [debug] [MainThread]: Connection 'list_DCM_LEARNING' was left open.
[0m08:46:02.069226 [debug] [MainThread]: On list_DCM_LEARNING: Close
[0m08:46:02.164365 [debug] [MainThread]: Connection 'list_DCM_LEARNING_TEST' was left open.
[0m08:46:02.165296 [debug] [MainThread]: On list_DCM_LEARNING_TEST: Close
[0m08:46:02.256487 [debug] [MainThread]: Connection 'model.snowflake_project.orders_summary' was left open.
[0m08:46:02.257756 [debug] [MainThread]: On model.snowflake_project.orders_summary: Close
[0m08:46:02.359712 [info ] [MainThread]: 
[0m08:46:02.362572 [info ] [MainThread]: Finished running 1 view model in 0 hours 0 minutes and 3.02 seconds (3.02s).
[0m08:46:02.365711 [debug] [MainThread]: Command end result
[0m08:46:02.450978 [debug] [MainThread]: Wrote artifact WritableManifest to C:\dbt\snowflake_project\target\manifest.json
[0m08:46:02.461750 [debug] [MainThread]: Wrote artifact SemanticManifest to C:\dbt\snowflake_project\target\semantic_manifest.json
[0m08:46:02.469920 [debug] [MainThread]: Wrote artifact OsiDocument to C:\dbt\snowflake_project\target\osi_document.json
[0m08:46:02.481088 [debug] [MainThread]: Wrote artifact RunExecutionResult to C:\dbt\snowflake_project\target\run_results.json
[0m08:46:02.481769 [info ] [MainThread]: 
[0m08:46:02.482928 [info ] [MainThread]: [32mCompleted successfully[0m
[0m08:46:02.484273 [info ] [MainThread]: 
[0m08:46:02.485142 [info ] [MainThread]: Done. PASS=1 WARN=0 ERROR=0 SKIP=0 NO-OP=0 REUSED=0 TOTAL=1
[0m08:46:02.487124 [debug] [MainThread]: Command `dbt run` succeeded at 08:46:02.486909 after 6.18 seconds
[0m08:46:02.487733 [debug] [MainThread]: Sending event: {'category': 'dbt', 'action': 'invocation', 'label': 'end', 'context': [<snowplow_tracker.self_describing_json.SelfDescribingJson object at 0x0000020D6EB82780>, <snowplow_tracker.self_describing_json.SelfDescribingJson object at 0x0000020D6EC70A50>, <snowplow_tracker.self_describing_json.SelfDescribingJson object at 0x0000020D6EC73890>]}
[0m08:46:02.488298 [debug] [MainThread]: Flushing usage events
[0m08:46:04.123268 [debug] [MainThread]: An error was encountered while trying to flush usage events
[0m08:54:45.191701 [debug] [MainThread]: Sending event: {'category': 'dbt', 'action': 'invocation', 'label': 'start', 'context': [<snowplow_tracker.self_describing_json.SelfDescribingJson object at 0x0000023DAA8BA510>, <snowplow_tracker.self_describing_json.SelfDescribingJson object at 0x0000023DACCFFED0>, <snowplow_tracker.self_describing_json.SelfDescribingJson object at 0x0000023DACCFF9D0>]}


============================== 08:54:45.224037 | a76f45b2-c936-415f-8380-66d0a5cd4eed ==============================
[0m08:54:45.224037 [info ] [MainThread]: Running with dbt=1.12.3
[0m08:54:45.225727 [debug] [MainThread]: running dbt with arguments {'version_check': 'True', 'no_print': 'None', 'static_parser': 'True', 'target_path': 'None', 'warn_error_options': 'WarnErrorOptionsV2(error=[], warn=[], silence=[])', 'maximum_seed_size_mib': '1', 'printer_width': '80', 'write_json': 'True', 'empty': 'False', 'log_cache_events': 'False', 'introspect': 'True', 'cache_selected_only': 'False', 'log_format': 'default', 'debug': 'False', 'fail_fast': 'False', 'profiles_dir': 'C:\\Users\\RaghavV\\.dbt', 'send_anonymous_usage_stats': 'True', 'quiet': 'False', 'warn_error': 'None', 'partial_parse': 'True', 'invocation_command': 'dbt run', 'hints_enabled': 'True', 'indirect_selection': 'eager', 'use_experimental_parser': 'False', 'use_colors': 'True', 'log_path': 'C:\\dbt\\snowflake_project\\logs'}
[0m08:55:03.471517 [debug] [MainThread]: Snowflake adapter: Setting snowflake.connector to ERROR (file logging only)
[0m08:55:03.475442 [debug] [MainThread]: Snowflake adapter: Setting botocore to ERROR (file logging only)
[0m08:55:03.477458 [debug] [MainThread]: Snowflake adapter: Setting boto3 to ERROR (file logging only)
[0m08:55:20.226824 [debug] [MainThread]: Sending event: {'category': 'dbt', 'action': 'project_id', 'label': 'a76f45b2-c936-415f-8380-66d0a5cd4eed', 'context': [<snowplow_tracker.self_describing_json.SelfDescribingJson object at 0x0000023DAAC0E650>]}
[0m08:55:20.493567 [debug] [MainThread]: Sending event: {'category': 'dbt', 'action': 'adapter_info', 'label': 'a76f45b2-c936-415f-8380-66d0a5cd4eed', 'context': [<snowplow_tracker.self_describing_json.SelfDescribingJson object at 0x0000023DAEF8B9B0>]}
[0m08:55:20.531288 [info ] [MainThread]: Registered adapter: snowflake=1.12.0
[0m08:55:22.520645 [debug] [MainThread]: checksum: 3a3c27a524e818ee7bd77a795e8dfd119f00607797ea8906f3f50a8cf548551f, vars: {}, profile: snowflake_project, target: dev, version: 1.12.3
[0m08:55:30.423296 [debug] [MainThread]: Partial parsing enabled: 0 files deleted, 0 files added, 1 files changed.
[0m08:55:30.425995 [debug] [MainThread]: Partial parsing: updated file: snowflake_project://models\example\orders_summary.sql
[0m08:55:31.677694 [debug] [MainThread]: Sending event: {'category': 'dbt', 'action': 'load_project', 'label': 'a76f45b2-c936-415f-8380-66d0a5cd4eed', 'context': [<snowplow_tracker.self_describing_json.SelfDescribingJson object at 0x0000023DAF478B50>]}
[0m08:55:32.124261 [debug] [MainThread]: Wrote artifact WritableManifest to C:\dbt\snowflake_project\target\manifest.json
[0m08:55:32.191547 [debug] [MainThread]: Wrote artifact SemanticManifest to C:\dbt\snowflake_project\target\semantic_manifest.json
[0m08:55:33.455328 [debug] [MainThread]: Wrote artifact OsiDocument to C:\dbt\snowflake_project\target\osi_document.json
[0m08:55:33.962900 [debug] [MainThread]: Sending event: {'category': 'dbt', 'action': 'resource_counts', 'label': 'a76f45b2-c936-415f-8380-66d0a5cd4eed', 'context': [<snowplow_tracker.self_describing_json.SelfDescribingJson object at 0x0000023DAF7D14F0>]}
[0m08:55:33.964012 [info ] [MainThread]: Found 1 model, 1 source, 545 macros
[0m08:55:33.965277 [debug] [MainThread]: Sending event: {'category': 'dbt', 'action': 'runnable_timing', 'label': 'a76f45b2-c936-415f-8380-66d0a5cd4eed', 'context': [<snowplow_tracker.self_describing_json.SelfDescribingJson object at 0x0000023DAF0D1550>]}
[0m08:55:33.968623 [info ] [MainThread]: 
[0m08:55:33.970051 [info ] [MainThread]: Concurrency: 5 threads (target='dev')
[0m08:55:33.970763 [info ] [MainThread]: 
[0m08:55:33.973219 [debug] [MainThread]: Acquiring new snowflake connection 'master'
[0m08:55:33.976019 [debug] [ThreadPool]: Acquiring new snowflake connection 'list_DCM_LEARNING'
[0m08:55:34.046638 [debug] [ThreadPool]: Using snowflake connection "list_DCM_LEARNING"
[0m08:55:34.048275 [debug] [ThreadPool]: On list_DCM_LEARNING: show terse schemas in database DCM_LEARNING
    limit 10000
/* {"app": "dbt", "dbt_version": "1.12.3", "profile_name": "snowflake_project", "target_name": "dev", "connection_name": "list_DCM_LEARNING"} */
[0m08:55:34.049188 [debug] [ThreadPool]: Opening a new connection, currently in state init
[0m08:55:36.239343 [debug] [ThreadPool]: SQL status: SUCCESS 3 in 2.190 seconds
[0m08:55:36.247946 [debug] [ThreadPool]: Acquiring new snowflake connection 'list_DCM_LEARNING_TEST'
[0m08:55:36.284214 [debug] [ThreadPool]: Using snowflake connection "list_DCM_LEARNING_TEST"
[0m08:55:36.285121 [debug] [ThreadPool]: On list_DCM_LEARNING_TEST: show objects in DCM_LEARNING.TEST
    limit 10000
    

/* {"app": "dbt", "dbt_version": "1.12.3", "profile_name": "snowflake_project", "target_name": "dev", "connection_name": "list_DCM_LEARNING_TEST"} */;
[0m08:55:36.285672 [debug] [ThreadPool]: Opening a new connection, currently in state init
[0m08:55:37.059056 [debug] [ThreadPool]: SQL status: SUCCESS 2 in 0.773 seconds
[0m08:55:37.075048 [debug] [ThreadPool]: Using snowflake connection "list_DCM_LEARNING_TEST"
[0m08:55:37.075918 [debug] [ThreadPool]: On list_DCM_LEARNING_TEST: show user functions in DCM_LEARNING.TEST
/* {"app": "dbt", "dbt_version": "1.12.3", "profile_name": "snowflake_project", "target_name": "dev", "connection_name": "list_DCM_LEARNING_TEST"} */
[0m08:55:37.163458 [debug] [ThreadPool]: SQL status: SUCCESS 0 in 0.087 seconds
[0m08:55:37.171662 [debug] [MainThread]: Sending event: {'category': 'dbt', 'action': 'runnable_timing', 'label': 'a76f45b2-c936-415f-8380-66d0a5cd4eed', 'context': [<snowplow_tracker.self_describing_json.SelfDescribingJson object at 0x0000023DAF84FE10>]}
[0m08:55:37.189234 [debug] [Thread-2 (]: Began running node model.snowflake_project.orders_summary
[0m08:55:37.191166 [info ] [Thread-2 (]: 1 of 1 START sql table model TEST.orders_summary ............................... [RUN]
[0m08:55:37.194802 [debug] [Thread-2 (]: Acquiring new snowflake connection 'model.snowflake_project.orders_summary'
[0m08:55:37.195599 [debug] [Thread-2 (]: Began compiling node model.snowflake_project.orders_summary
[0m08:55:37.208138 [debug] [Thread-2 (]: Writing injected SQL for node "model.snowflake_project.orders_summary"
[0m08:55:37.213540 [debug] [Thread-2 (]: Began executing node model.snowflake_project.orders_summary
[0m08:55:37.284661 [debug] [Thread-2 (]: Writing runtime sql for node "model.snowflake_project.orders_summary"
[0m08:55:37.287700 [debug] [Thread-2 (]: Using snowflake connection "model.snowflake_project.orders_summary"
[0m08:55:37.288557 [debug] [Thread-2 (]: On model.snowflake_project.orders_summary: create or replace transient table DCM_LEARNING.TEST.orders_summary
    
    
    
    
    

    as (
SELECT
    customer_id,
    COUNT(*) AS order_count,
    SUM(amount) AS total_spent
FROM DCM_LEARNING.TEST.ORDERS_RAW
GROUP BY customer_id
    )

/* {"app": "dbt", "dbt_version": "1.12.3", "profile_name": "snowflake_project", "target_name": "dev", "node_id": "model.snowflake_project.orders_summary"} */;
[0m08:55:37.289208 [debug] [Thread-2 (]: Opening a new connection, currently in state init
[0m08:55:38.964030 [debug] [Thread-2 (]: SQL status: SUCCESS 3 in 1.674 seconds
[0m08:55:39.090711 [debug] [Thread-2 (]: Sending event: {'category': 'dbt', 'action': 'run_model', 'label': 'a76f45b2-c936-415f-8380-66d0a5cd4eed', 'context': [<snowplow_tracker.self_describing_json.SelfDescribingJson object at 0x0000023DAF87AD50>]}
[0m08:55:39.094223 [info ] [Thread-2 (]: 1 of 1 OK created sql table model TEST.orders_summary .......................... [[32mSUCCESS 3[0m in 1.85s]
[0m08:55:39.097595 [debug] [Thread-2 (]: Finished running node model.snowflake_project.orders_summary
[0m08:55:39.103384 [debug] [MainThread]: Connection 'master' was properly closed.
[0m08:55:39.104609 [debug] [MainThread]: Connection 'list_DCM_LEARNING' was left open.
[0m08:55:39.105754 [debug] [MainThread]: On list_DCM_LEARNING: Close
[0m08:55:39.212376 [debug] [MainThread]: Connection 'list_DCM_LEARNING_TEST' was left open.
[0m08:55:39.214731 [debug] [MainThread]: On list_DCM_LEARNING_TEST: Close
[0m08:55:39.309715 [debug] [MainThread]: Connection 'model.snowflake_project.orders_summary' was left open.
[0m08:55:39.310690 [debug] [MainThread]: On model.snowflake_project.orders_summary: Close
[0m08:55:39.412827 [info ] [MainThread]: 
[0m08:55:39.414837 [info ] [MainThread]: Finished running 1 table model in 0 hours 0 minutes and 5.44 seconds (5.44s).
[0m08:55:39.417993 [debug] [MainThread]: Command end result
[0m08:55:39.500124 [debug] [MainThread]: Wrote artifact WritableManifest to C:\dbt\snowflake_project\target\manifest.json
[0m08:55:39.506194 [debug] [MainThread]: Wrote artifact SemanticManifest to C:\dbt\snowflake_project\target\semantic_manifest.json
[0m08:55:39.513592 [debug] [MainThread]: Wrote artifact OsiDocument to C:\dbt\snowflake_project\target\osi_document.json
[0m08:55:39.527894 [debug] [MainThread]: Wrote artifact RunExecutionResult to C:\dbt\snowflake_project\target\run_results.json
[0m08:55:39.528518 [info ] [MainThread]: 
[0m08:55:39.529801 [info ] [MainThread]: [32mCompleted successfully[0m
[0m08:55:39.530892 [info ] [MainThread]: 
[0m08:55:39.532122 [info ] [MainThread]: Done. PASS=1 WARN=0 ERROR=0 SKIP=0 NO-OP=0 REUSED=0 TOTAL=1
[0m08:55:39.534456 [debug] [MainThread]: Command `dbt run` succeeded at 08:55:39.534133 after 54.86 seconds
[0m08:55:39.535233 [debug] [MainThread]: Sending event: {'category': 'dbt', 'action': 'invocation', 'label': 'end', 'context': [<snowplow_tracker.self_describing_json.SelfDescribingJson object at 0x0000023DAF99C890>, <snowplow_tracker.self_describing_json.SelfDescribingJson object at 0x0000023DAFAC3B10>, <snowplow_tracker.self_describing_json.SelfDescribingJson object at 0x0000023DAFAC1F90>]}
[0m08:55:39.535906 [debug] [MainThread]: Flushing usage events
[0m08:55:41.459313 [debug] [MainThread]: An error was encountered while trying to flush usage events
[0m09:10:58.991882 [debug] [MainThread]: Sending event: {'category': 'dbt', 'action': 'invocation', 'label': 'start', 'context': [<snowplow_tracker.self_describing_json.SelfDescribingJson object at 0x0000018252CBA510>, <snowplow_tracker.self_describing_json.SelfDescribingJson object at 0x00000182550FBED0>, <snowplow_tracker.self_describing_json.SelfDescribingJson object at 0x00000182550FB9D0>]}


============================== 09:10:59.023296 | 34b47e0f-a630-4193-a8cc-a174df78cfd5 ==============================
[0m09:10:59.023296 [info ] [MainThread]: Running with dbt=1.12.3
[0m09:10:59.025004 [debug] [MainThread]: running dbt with arguments {'maximum_seed_size_mib': '1', 'no_print': 'None', 'version_check': 'True', 'target_path': 'None', 'warn_error_options': 'WarnErrorOptionsV2(error=[], warn=[], silence=[])', 'static_parser': 'True', 'printer_width': '80', 'write_json': 'True', 'empty': 'False', 'log_cache_events': 'False', 'introspect': 'True', 'cache_selected_only': 'False', 'fail_fast': 'False', 'debug': 'False', 'log_format': 'default', 'partial_parse': 'True', 'send_anonymous_usage_stats': 'True', 'quiet': 'False', 'warn_error': 'None', 'profiles_dir': 'C:\\Users\\RaghavV\\.dbt', 'indirect_selection': 'eager', 'hints_enabled': 'True', 'use_colors': 'True', 'use_experimental_parser': 'False', 'invocation_command': 'dbt run --select orders_summary --target prod', 'log_path': 'C:\\dbt\\snowflake_project\\logs'}
[0m09:11:17.514872 [debug] [MainThread]: Snowflake adapter: Setting snowflake.connector to ERROR (file logging only)
[0m09:11:17.516776 [debug] [MainThread]: Snowflake adapter: Setting botocore to ERROR (file logging only)
[0m09:11:17.517927 [debug] [MainThread]: Snowflake adapter: Setting boto3 to ERROR (file logging only)
[0m09:11:33.912989 [debug] [MainThread]: Sending event: {'category': 'dbt', 'action': 'project_id', 'label': '34b47e0f-a630-4193-a8cc-a174df78cfd5', 'context': [<snowplow_tracker.self_describing_json.SelfDescribingJson object at 0x000001825400E650>]}
[0m09:11:34.004532 [debug] [MainThread]: Sending event: {'category': 'dbt', 'action': 'adapter_info', 'label': '34b47e0f-a630-4193-a8cc-a174df78cfd5', 'context': [<snowplow_tracker.self_describing_json.SelfDescribingJson object at 0x000001825739B9B0>]}
[0m09:11:34.034060 [info ] [MainThread]: Registered adapter: snowflake=1.12.0
[0m09:11:34.985015 [debug] [MainThread]: checksum: 0b533181aa16ece655cc514058c2b3b65954425e5e0d6f4218bee719d1a90ef8, vars: {}, profile: snowflake_project, target: prod, version: 1.12.3
[0m09:11:35.245422 [info ] [MainThread]: Unable to do partial parsing because config vars, config profile, or config target have changed
[0m09:11:35.246911 [debug] [MainThread]: previous checksum: 0b533181aa16ece655cc514058c2b3b65954425e5e0d6f4218bee719d1a90ef8, current checksum: 3a3c27a524e818ee7bd77a795e8dfd119f00607797ea8906f3f50a8cf548551f
[0m09:11:35.247427 [info ] [MainThread]: Unable to do partial parsing because profile has changed
[0m09:11:35.248950 [debug] [MainThread]: Sending event: {'category': 'dbt', 'action': 'partial_parser', 'label': '34b47e0f-a630-4193-a8cc-a174df78cfd5', 'context': [<snowplow_tracker.self_describing_json.SelfDescribingJson object at 0x000001825788A050>]}
[0m09:11:43.048978 [warn ] [MainThread]: [[33mWARNING[0m]: Did not find matching node for patch with name 'my_first_dbt_model' in the 'models' section of file 'models\example\schema.yml'
[0m09:11:43.051301 [warn ] [MainThread]: [[33mWARNING[0m]: Did not find matching node for patch with name 'my_second_dbt_model' in the 'models' section of file 'models\example\schema.yml'
[0m09:11:43.329132 [warn ] [MainThread]: [[33mWARNING[0m]: Test 'test.snowflake_project.unique_my_first_dbt_model_id.16e066b321' (models\example\schema.yml) depends on a node named 'my_first_dbt_model' in package '' which was not found
[0m09:11:43.330222 [warn ] [MainThread]: [[33mWARNING[0m]: Test 'test.snowflake_project.not_null_my_first_dbt_model_id.5fb22c2710' (models\example\schema.yml) depends on a node named 'my_first_dbt_model' in package '' which was not found
[0m09:11:43.331171 [warn ] [MainThread]: [[33mWARNING[0m]: Test 'test.snowflake_project.unique_my_second_dbt_model_id.57a0f8c493' (models\example\schema.yml) depends on a node named 'my_second_dbt_model' in package '' which was not found
[0m09:11:43.332360 [warn ] [MainThread]: [[33mWARNING[0m]: Test 'test.snowflake_project.not_null_my_second_dbt_model_id.151b76d778' (models\example\schema.yml) depends on a node named 'my_second_dbt_model' in package '' which was not found
[0m09:11:43.451069 [debug] [MainThread]: Sending event: {'category': 'dbt', 'action': 'load_project', 'label': '34b47e0f-a630-4193-a8cc-a174df78cfd5', 'context': [<snowplow_tracker.self_describing_json.SelfDescribingJson object at 0x000001825781C9B0>]}
[0m09:11:43.559123 [debug] [MainThread]: Wrote artifact WritableManifest to C:\dbt\snowflake_project\target\manifest.json
[0m09:11:43.615111 [debug] [MainThread]: Wrote artifact SemanticManifest to C:\dbt\snowflake_project\target\semantic_manifest.json
[0m09:11:44.676132 [debug] [MainThread]: Wrote artifact OsiDocument to C:\dbt\snowflake_project\target\osi_document.json
[0m09:11:45.004961 [debug] [MainThread]: Sending event: {'category': 'dbt', 'action': 'resource_counts', 'label': '34b47e0f-a630-4193-a8cc-a174df78cfd5', 'context': [<snowplow_tracker.self_describing_json.SelfDescribingJson object at 0x0000018257AC03D0>]}
[0m09:11:45.007025 [info ] [MainThread]: Found 1 model, 1 source, 545 macros
[0m09:11:45.009319 [debug] [MainThread]: Sending event: {'category': 'dbt', 'action': 'runnable_timing', 'label': '34b47e0f-a630-4193-a8cc-a174df78cfd5', 'context': [<snowplow_tracker.self_describing_json.SelfDescribingJson object at 0x00000182579758B0>]}
[0m09:11:45.014676 [info ] [MainThread]: 
[0m09:11:45.016174 [info ] [MainThread]: Concurrency: 5 threads (target='prod')
[0m09:11:45.017769 [info ] [MainThread]: 
[0m09:11:45.021202 [debug] [MainThread]: Acquiring new snowflake connection 'master'
[0m09:11:45.026355 [debug] [ThreadPool]: Acquiring new snowflake connection 'list_DCM_LEARNING'
[0m09:11:45.100591 [debug] [ThreadPool]: Using snowflake connection "list_DCM_LEARNING"
[0m09:11:45.101525 [debug] [ThreadPool]: On list_DCM_LEARNING: show terse schemas in database DCM_LEARNING
    limit 10000
/* {"app": "dbt", "dbt_version": "1.12.3", "profile_name": "snowflake_project", "target_name": "prod", "connection_name": "list_DCM_LEARNING"} */
[0m09:11:45.102116 [debug] [ThreadPool]: Opening a new connection, currently in state init
[0m09:11:47.715120 [debug] [ThreadPool]: SQL status: SUCCESS 4 in 2.613 seconds
[0m09:11:47.724581 [debug] [ThreadPool]: Acquiring new snowflake connection 'list_DCM_LEARNING_PROD'
[0m09:11:47.762191 [debug] [ThreadPool]: Using snowflake connection "list_DCM_LEARNING_PROD"
[0m09:11:47.763454 [debug] [ThreadPool]: On list_DCM_LEARNING_PROD: show objects in DCM_LEARNING.PROD
    limit 10000
    

/* {"app": "dbt", "dbt_version": "1.12.3", "profile_name": "snowflake_project", "target_name": "prod", "connection_name": "list_DCM_LEARNING_PROD"} */;
[0m09:11:47.764360 [debug] [ThreadPool]: Opening a new connection, currently in state init
[0m09:11:48.736570 [debug] [ThreadPool]: SQL status: SUCCESS 1 in 0.972 seconds
[0m09:11:48.755959 [debug] [ThreadPool]: Using snowflake connection "list_DCM_LEARNING_PROD"
[0m09:11:48.757354 [debug] [ThreadPool]: On list_DCM_LEARNING_PROD: show user functions in DCM_LEARNING.PROD
/* {"app": "dbt", "dbt_version": "1.12.3", "profile_name": "snowflake_project", "target_name": "prod", "connection_name": "list_DCM_LEARNING_PROD"} */
[0m09:11:48.875960 [debug] [ThreadPool]: SQL status: SUCCESS 0 in 0.118 seconds
[0m09:11:48.881413 [debug] [MainThread]: Sending event: {'category': 'dbt', 'action': 'runnable_timing', 'label': '34b47e0f-a630-4193-a8cc-a174df78cfd5', 'context': [<snowplow_tracker.self_describing_json.SelfDescribingJson object at 0x0000018257DC2BD0>]}
[0m09:11:48.892192 [debug] [Thread-2 (]: Began running node model.snowflake_project.orders_summary
[0m09:11:48.893855 [info ] [Thread-2 (]: 1 of 1 START sql table model PROD.orders_summary ............................... [RUN]
[0m09:11:48.896034 [debug] [Thread-2 (]: Acquiring new snowflake connection 'model.snowflake_project.orders_summary'
[0m09:11:48.897217 [debug] [Thread-2 (]: Began compiling node model.snowflake_project.orders_summary
[0m09:11:48.909557 [debug] [Thread-2 (]: Writing injected SQL for node "model.snowflake_project.orders_summary"
[0m09:11:48.913475 [debug] [Thread-2 (]: Began executing node model.snowflake_project.orders_summary
[0m09:11:48.978057 [debug] [Thread-2 (]: Writing runtime sql for node "model.snowflake_project.orders_summary"
[0m09:11:48.980902 [debug] [Thread-2 (]: Using snowflake connection "model.snowflake_project.orders_summary"
[0m09:11:48.981575 [debug] [Thread-2 (]: On model.snowflake_project.orders_summary: create or replace transient table DCM_LEARNING.PROD.orders_summary
    
    
    
    
    

    as (
SELECT
    customer_id,
    COUNT(*) AS order_count,
    SUM(amount) AS total_spent
FROM DCM_LEARNING.TEST.ORDERS_RAW
GROUP BY customer_id
    )

/* {"app": "dbt", "dbt_version": "1.12.3", "profile_name": "snowflake_project", "target_name": "prod", "node_id": "model.snowflake_project.orders_summary"} */;
[0m09:11:48.982261 [debug] [Thread-2 (]: Opening a new connection, currently in state init
[0m09:11:50.889859 [debug] [Thread-2 (]: SQL status: SUCCESS 3 in 1.907 seconds
[0m09:11:51.005161 [debug] [Thread-2 (]: Sending event: {'category': 'dbt', 'action': 'run_model', 'label': '34b47e0f-a630-4193-a8cc-a174df78cfd5', 'context': [<snowplow_tracker.self_describing_json.SelfDescribingJson object at 0x000001825918F5F0>]}
[0m09:11:51.008590 [info ] [Thread-2 (]: 1 of 1 OK created sql table model PROD.orders_summary .......................... [[32mSUCCESS 3[0m in 2.06s]
[0m09:11:51.012012 [debug] [Thread-2 (]: Finished running node model.snowflake_project.orders_summary
[0m09:11:51.018268 [debug] [MainThread]: Connection 'master' was properly closed.
[0m09:11:51.019242 [debug] [MainThread]: Connection 'list_DCM_LEARNING' was left open.
[0m09:11:51.019811 [debug] [MainThread]: On list_DCM_LEARNING: Close
[0m09:11:51.131417 [debug] [MainThread]: Connection 'list_DCM_LEARNING_PROD' was left open.
[0m09:11:51.132827 [debug] [MainThread]: On list_DCM_LEARNING_PROD: Close
[0m09:11:51.242383 [debug] [MainThread]: Connection 'model.snowflake_project.orders_summary' was left open.
[0m09:11:51.243582 [debug] [MainThread]: On model.snowflake_project.orders_summary: Close
[0m09:11:51.353249 [info ] [MainThread]: 
[0m09:11:51.355993 [info ] [MainThread]: Finished running 1 table model in 0 hours 0 minutes and 6.33 seconds (6.33s).
[0m09:11:51.358597 [debug] [MainThread]: Command end result
[0m09:11:51.433967 [debug] [MainThread]: Wrote artifact WritableManifest to C:\dbt\snowflake_project\target\manifest.json
[0m09:11:51.439994 [debug] [MainThread]: Wrote artifact SemanticManifest to C:\dbt\snowflake_project\target\semantic_manifest.json
[0m09:11:51.446827 [debug] [MainThread]: Wrote artifact OsiDocument to C:\dbt\snowflake_project\target\osi_document.json
[0m09:11:51.457905 [debug] [MainThread]: Wrote artifact RunExecutionResult to C:\dbt\snowflake_project\target\run_results.json
[0m09:11:51.459112 [info ] [MainThread]: 
[0m09:11:51.460263 [info ] [MainThread]: [32mCompleted successfully[0m
[0m09:11:51.461315 [info ] [MainThread]: 
[0m09:11:51.462199 [info ] [MainThread]: Done. PASS=1 WARN=0 ERROR=0 SKIP=0 NO-OP=0 REUSED=0 TOTAL=1
[0m09:11:51.464105 [debug] [MainThread]: Command `dbt run` succeeded at 09:11:51.463871 after 52.88 seconds
[0m09:11:51.464684 [debug] [MainThread]: Sending event: {'category': 'dbt', 'action': 'invocation', 'label': 'end', 'context': [<snowplow_tracker.self_describing_json.SelfDescribingJson object at 0x0000018257E5E210>, <snowplow_tracker.self_describing_json.SelfDescribingJson object at 0x0000018257EC8950>, <snowplow_tracker.self_describing_json.SelfDescribingJson object at 0x0000018257EB3650>]}
[0m09:11:51.465231 [debug] [MainThread]: Flushing usage events
[0m09:11:53.137572 [debug] [MainThread]: An error was encountered while trying to flush usage events
[0m09:14:26.086710 [debug] [MainThread]: Sending event: {'category': 'dbt', 'action': 'invocation', 'label': 'start', 'context': [<snowplow_tracker.self_describing_json.SelfDescribingJson object at 0x0000016C6D0BA510>, <snowplow_tracker.self_describing_json.SelfDescribingJson object at 0x0000016C6F503ED0>, <snowplow_tracker.self_describing_json.SelfDescribingJson object at 0x0000016C6F5039D0>]}


============================== 09:14:26.098265 | b0f53603-69bf-4e7c-a0a1-7f518860a4c5 ==============================
[0m09:14:26.098265 [info ] [MainThread]: Running with dbt=1.12.3
[0m09:14:26.100041 [debug] [MainThread]: running dbt with arguments {'maximum_seed_size_mib': '1', 'no_print': 'None', 'static_parser': 'True', 'warn_error_options': 'WarnErrorOptionsV2(error=[], warn=[], silence=[])', 'target_path': 'None', 'version_check': 'True', 'printer_width': '80', 'write_json': 'True', 'introspect': 'True', 'log_cache_events': 'False', 'empty': 'False', 'cache_selected_only': 'False', 'log_format': 'default', 'debug': 'False', 'fail_fast': 'False', 'profiles_dir': 'C:\\Users\\RaghavV\\.dbt', 'send_anonymous_usage_stats': 'True', 'quiet': 'False', 'warn_error': 'None', 'partial_parse': 'True', 'invocation_command': 'dbt run --target prod', 'hints_enabled': 'True', 'use_colors': 'True', 'use_experimental_parser': 'False', 'indirect_selection': 'eager', 'log_path': 'C:\\dbt\\snowflake_project\\logs'}
[0m09:14:26.897530 [debug] [MainThread]: Snowflake adapter: Setting snowflake.connector to ERROR (file logging only)
[0m09:14:26.898414 [debug] [MainThread]: Snowflake adapter: Setting botocore to ERROR (file logging only)
[0m09:14:26.898866 [debug] [MainThread]: Snowflake adapter: Setting boto3 to ERROR (file logging only)
[0m09:14:27.293958 [debug] [MainThread]: Sending event: {'category': 'dbt', 'action': 'project_id', 'label': 'b0f53603-69bf-4e7c-a0a1-7f518860a4c5', 'context': [<snowplow_tracker.self_describing_json.SelfDescribingJson object at 0x0000016C6D40E650>]}
[0m09:14:27.371473 [debug] [MainThread]: Sending event: {'category': 'dbt', 'action': 'adapter_info', 'label': 'b0f53603-69bf-4e7c-a0a1-7f518860a4c5', 'context': [<snowplow_tracker.self_describing_json.SelfDescribingJson object at 0x0000016C717BB9B0>]}
[0m09:14:27.373269 [info ] [MainThread]: Registered adapter: snowflake=1.12.0
[0m09:14:27.911792 [debug] [MainThread]: checksum: 0b533181aa16ece655cc514058c2b3b65954425e5e0d6f4218bee719d1a90ef8, vars: {}, profile: snowflake_project, target: prod, version: 1.12.3
[0m09:14:28.186385 [debug] [MainThread]: Partial parsing enabled: 0 files deleted, 0 files added, 0 files changed.
[0m09:14:28.187329 [debug] [MainThread]: Nothing changed, skipping partial parsing.
[0m09:14:28.187848 [debug] [MainThread]: Partial parsing enabled, no changes found, skipping parsing
[0m09:14:28.207226 [debug] [MainThread]: Sending event: {'category': 'dbt', 'action': 'load_project', 'label': 'b0f53603-69bf-4e7c-a0a1-7f518860a4c5', 'context': [<snowplow_tracker.self_describing_json.SelfDescribingJson object at 0x0000016C71CAEA50>]}
[0m09:14:28.458509 [debug] [MainThread]: Wrote artifact WritableManifest to C:\dbt\snowflake_project\target\manifest.json
[0m09:14:28.464428 [debug] [MainThread]: Wrote artifact SemanticManifest to C:\dbt\snowflake_project\target\semantic_manifest.json
[0m09:14:28.501362 [debug] [MainThread]: Wrote artifact OsiDocument to C:\dbt\snowflake_project\target\osi_document.json
[0m09:14:28.523261 [debug] [MainThread]: Sending event: {'category': 'dbt', 'action': 'resource_counts', 'label': 'b0f53603-69bf-4e7c-a0a1-7f518860a4c5', 'context': [<snowplow_tracker.self_describing_json.SelfDescribingJson object at 0x0000016C71E789B0>]}
[0m09:14:28.524197 [info ] [MainThread]: Found 1 model, 1 source, 545 macros
[0m09:14:28.525988 [debug] [MainThread]: Sending event: {'category': 'dbt', 'action': 'runnable_timing', 'label': 'b0f53603-69bf-4e7c-a0a1-7f518860a4c5', 'context': [<snowplow_tracker.self_describing_json.SelfDescribingJson object at 0x0000016C71E325F0>]}
[0m09:14:28.529012 [info ] [MainThread]: 
[0m09:14:28.530340 [info ] [MainThread]: Concurrency: 5 threads (target='prod')
[0m09:14:28.531814 [info ] [MainThread]: 
[0m09:14:28.533785 [debug] [MainThread]: Acquiring new snowflake connection 'master'
[0m09:14:28.536919 [debug] [ThreadPool]: Acquiring new snowflake connection 'list_DCM_LEARNING'
[0m09:14:28.578167 [debug] [ThreadPool]: Using snowflake connection "list_DCM_LEARNING"
[0m09:14:28.579466 [debug] [ThreadPool]: On list_DCM_LEARNING: show terse schemas in database DCM_LEARNING
    limit 10000
/* {"app": "dbt", "dbt_version": "1.12.3", "profile_name": "snowflake_project", "target_name": "prod", "connection_name": "list_DCM_LEARNING"} */
[0m09:14:28.580113 [debug] [ThreadPool]: Opening a new connection, currently in state init
[0m09:14:29.609727 [debug] [ThreadPool]: SQL status: SUCCESS 4 in 1.029 seconds
[0m09:14:29.619159 [debug] [ThreadPool]: Acquiring new snowflake connection 'list_DCM_LEARNING_PROD'
[0m09:14:29.658912 [debug] [ThreadPool]: Using snowflake connection "list_DCM_LEARNING_PROD"
[0m09:14:29.659778 [debug] [ThreadPool]: On list_DCM_LEARNING_PROD: show objects in DCM_LEARNING.PROD
    limit 10000
    

/* {"app": "dbt", "dbt_version": "1.12.3", "profile_name": "snowflake_project", "target_name": "prod", "connection_name": "list_DCM_LEARNING_PROD"} */;
[0m09:14:29.660471 [debug] [ThreadPool]: Opening a new connection, currently in state init
[0m09:14:30.427486 [debug] [ThreadPool]: SQL status: SUCCESS 2 in 0.767 seconds
[0m09:14:30.447088 [debug] [ThreadPool]: Using snowflake connection "list_DCM_LEARNING_PROD"
[0m09:14:30.448110 [debug] [ThreadPool]: On list_DCM_LEARNING_PROD: show user functions in DCM_LEARNING.PROD
/* {"app": "dbt", "dbt_version": "1.12.3", "profile_name": "snowflake_project", "target_name": "prod", "connection_name": "list_DCM_LEARNING_PROD"} */
[0m09:14:30.529124 [debug] [ThreadPool]: SQL status: SUCCESS 0 in 0.080 seconds
[0m09:14:30.538055 [debug] [MainThread]: Sending event: {'category': 'dbt', 'action': 'runnable_timing', 'label': 'b0f53603-69bf-4e7c-a0a1-7f518860a4c5', 'context': [<snowplow_tracker.self_describing_json.SelfDescribingJson object at 0x0000016C71F0EEA0>]}
[0m09:14:30.553731 [debug] [Thread-2 (]: Began running node model.snowflake_project.orders_summary
[0m09:14:30.555458 [info ] [Thread-2 (]: 1 of 1 START sql table model PROD.orders_summary ............................... [RUN]
[0m09:14:30.557663 [debug] [Thread-2 (]: Acquiring new snowflake connection 'model.snowflake_project.orders_summary'
[0m09:14:30.558704 [debug] [Thread-2 (]: Began compiling node model.snowflake_project.orders_summary
[0m09:14:30.580589 [debug] [Thread-2 (]: Writing injected SQL for node "model.snowflake_project.orders_summary"
[0m09:14:30.584604 [debug] [Thread-2 (]: Began executing node model.snowflake_project.orders_summary
[0m09:14:30.665119 [debug] [Thread-2 (]: Writing runtime sql for node "model.snowflake_project.orders_summary"
[0m09:14:30.667959 [debug] [Thread-2 (]: Using snowflake connection "model.snowflake_project.orders_summary"
[0m09:14:30.670095 [debug] [Thread-2 (]: On model.snowflake_project.orders_summary: create or replace transient table DCM_LEARNING.PROD.orders_summary
    
    
    
    
    

    as (
SELECT
    customer_id,
    COUNT(*) AS order_count,
    SUM(amount) AS total_spent
FROM DCM_LEARNING.TEST.ORDERS_RAW
GROUP BY customer_id
    )

/* {"app": "dbt", "dbt_version": "1.12.3", "profile_name": "snowflake_project", "target_name": "prod", "node_id": "model.snowflake_project.orders_summary"} */;
[0m09:14:30.671106 [debug] [Thread-2 (]: Opening a new connection, currently in state init
[0m09:14:32.271673 [debug] [Thread-2 (]: SQL status: SUCCESS 3 in 1.600 seconds
[0m09:14:32.351663 [debug] [Thread-2 (]: Sending event: {'category': 'dbt', 'action': 'run_model', 'label': 'b0f53603-69bf-4e7c-a0a1-7f518860a4c5', 'context': [<snowplow_tracker.self_describing_json.SelfDescribingJson object at 0x0000016C71F0A450>]}
[0m09:14:32.353272 [info ] [Thread-2 (]: 1 of 1 OK created sql table model PROD.orders_summary .......................... [[32mSUCCESS 3[0m in 1.79s]
[0m09:14:32.355280 [debug] [Thread-2 (]: Finished running node model.snowflake_project.orders_summary
[0m09:14:32.359027 [debug] [MainThread]: Connection 'master' was properly closed.
[0m09:14:32.359847 [debug] [MainThread]: Connection 'list_DCM_LEARNING' was left open.
[0m09:14:32.360410 [debug] [MainThread]: On list_DCM_LEARNING: Close
[0m09:14:32.454194 [debug] [MainThread]: Connection 'list_DCM_LEARNING_PROD' was left open.
[0m09:14:32.455260 [debug] [MainThread]: On list_DCM_LEARNING_PROD: Close
[0m09:14:32.557439 [debug] [MainThread]: Connection 'model.snowflake_project.orders_summary' was left open.
[0m09:14:32.559257 [debug] [MainThread]: On model.snowflake_project.orders_summary: Close
[0m09:14:32.658953 [info ] [MainThread]: 
[0m09:14:32.660657 [info ] [MainThread]: Finished running 1 table model in 0 hours 0 minutes and 4.13 seconds (4.13s).
[0m09:14:32.663336 [debug] [MainThread]: Command end result
[0m09:14:32.749379 [debug] [MainThread]: Wrote artifact WritableManifest to C:\dbt\snowflake_project\target\manifest.json
[0m09:14:32.757670 [debug] [MainThread]: Wrote artifact SemanticManifest to C:\dbt\snowflake_project\target\semantic_manifest.json
[0m09:14:32.764704 [debug] [MainThread]: Wrote artifact OsiDocument to C:\dbt\snowflake_project\target\osi_document.json
[0m09:14:32.778043 [debug] [MainThread]: Wrote artifact RunExecutionResult to C:\dbt\snowflake_project\target\run_results.json
[0m09:14:32.779247 [info ] [MainThread]: 
[0m09:14:32.781179 [info ] [MainThread]: [32mCompleted successfully[0m
[0m09:14:32.783066 [info ] [MainThread]: 
[0m09:14:32.784653 [info ] [MainThread]: Done. PASS=1 WARN=0 ERROR=0 SKIP=0 NO-OP=0 REUSED=0 TOTAL=1
[0m09:14:32.787519 [debug] [MainThread]: Command `dbt run` succeeded at 09:14:32.787179 after 6.97 seconds
[0m09:14:32.788321 [debug] [MainThread]: Sending event: {'category': 'dbt', 'action': 'invocation', 'label': 'end', 'context': [<snowplow_tracker.self_describing_json.SelfDescribingJson object at 0x0000016C7209B800>, <snowplow_tracker.self_describing_json.SelfDescribingJson object at 0x0000016C69CB3D90>, <snowplow_tracker.self_describing_json.SelfDescribingJson object at 0x0000016C720AB570>]}
[0m09:14:32.789045 [debug] [MainThread]: Flushing usage events
[0m09:14:34.519449 [debug] [MainThread]: An error was encountered while trying to flush usage events
[0m09:15:29.066620 [debug] [MainThread]: Sending event: {'category': 'dbt', 'action': 'invocation', 'label': 'start', 'context': [<snowplow_tracker.self_describing_json.SelfDescribingJson object at 0x000001FBAC5BA510>, <snowplow_tracker.self_describing_json.SelfDescribingJson object at 0x000001FBAE9FFED0>, <snowplow_tracker.self_describing_json.SelfDescribingJson object at 0x000001FBAE9FF9D0>]}


============================== 09:15:29.077006 | 0d70d51d-8bc1-43ee-bbd4-7ab92e8ceca6 ==============================
[0m09:15:29.077006 [info ] [MainThread]: Running with dbt=1.12.3
[0m09:15:29.080006 [debug] [MainThread]: running dbt with arguments {'version_check': 'True', 'no_print': 'None', 'maximum_seed_size_mib': '1', 'warn_error_options': 'WarnErrorOptionsV2(error=[], warn=[], silence=[])', 'target_path': 'None', 'static_parser': 'True', 'printer_width': '80', 'write_json': 'True', 'empty': 'False', 'log_cache_events': 'False', 'introspect': 'True', 'cache_selected_only': 'False', 'fail_fast': 'False', 'debug': 'False', 'log_format': 'default', 'partial_parse': 'True', 'send_anonymous_usage_stats': 'True', 'quiet': 'False', 'warn_error': 'None', 'profiles_dir': 'C:\\Users\\RaghavV\\.dbt', 'indirect_selection': 'eager', 'hints_enabled': 'True', 'invocation_command': 'dbt run --target prod', 'use_experimental_parser': 'False', 'use_colors': 'True', 'log_path': 'C:\\dbt\\snowflake_project\\logs'}
[0m09:15:29.794671 [debug] [MainThread]: Snowflake adapter: Setting snowflake.connector to ERROR (file logging only)
[0m09:15:29.795746 [debug] [MainThread]: Snowflake adapter: Setting botocore to ERROR (file logging only)
[0m09:15:29.796372 [debug] [MainThread]: Snowflake adapter: Setting boto3 to ERROR (file logging only)
[0m09:15:30.248389 [debug] [MainThread]: Sending event: {'category': 'dbt', 'action': 'project_id', 'label': '0d70d51d-8bc1-43ee-bbd4-7ab92e8ceca6', 'context': [<snowplow_tracker.self_describing_json.SelfDescribingJson object at 0x000001FBAC90E650>]}
[0m09:15:30.371259 [debug] [MainThread]: Sending event: {'category': 'dbt', 'action': 'adapter_info', 'label': '0d70d51d-8bc1-43ee-bbd4-7ab92e8ceca6', 'context': [<snowplow_tracker.self_describing_json.SelfDescribingJson object at 0x000001FBB0C7B9B0>]}
[0m09:15:30.374132 [info ] [MainThread]: Registered adapter: snowflake=1.12.0
[0m09:15:30.786597 [debug] [MainThread]: checksum: 0b533181aa16ece655cc514058c2b3b65954425e5e0d6f4218bee719d1a90ef8, vars: {}, profile: snowflake_project, target: prod, version: 1.12.3
[0m09:15:31.033994 [debug] [MainThread]: Partial parsing enabled: 0 files deleted, 0 files added, 1 files changed.
[0m09:15:31.035273 [debug] [MainThread]: Partial parsing: updated file: snowflake_project://models\example\staging\sources.yml
[0m09:15:31.526449 [debug] [MainThread]: Sending event: {'category': 'dbt', 'action': 'load_project', 'label': '0d70d51d-8bc1-43ee-bbd4-7ab92e8ceca6', 'context': [<snowplow_tracker.self_describing_json.SelfDescribingJson object at 0x000001FBB1168B50>]}
[0m09:15:31.628719 [debug] [MainThread]: Wrote artifact WritableManifest to C:\dbt\snowflake_project\target\manifest.json
[0m09:15:31.633167 [debug] [MainThread]: Wrote artifact SemanticManifest to C:\dbt\snowflake_project\target\semantic_manifest.json
[0m09:15:31.662746 [debug] [MainThread]: Wrote artifact OsiDocument to C:\dbt\snowflake_project\target\osi_document.json
[0m09:15:31.682366 [debug] [MainThread]: Sending event: {'category': 'dbt', 'action': 'resource_counts', 'label': '0d70d51d-8bc1-43ee-bbd4-7ab92e8ceca6', 'context': [<snowplow_tracker.self_describing_json.SelfDescribingJson object at 0x000001FBB14CDC70>]}
[0m09:15:31.683257 [info ] [MainThread]: Found 1 model, 1 source, 545 macros
[0m09:15:31.692824 [debug] [MainThread]: Sending event: {'category': 'dbt', 'action': 'runnable_timing', 'label': '0d70d51d-8bc1-43ee-bbd4-7ab92e8ceca6', 'context': [<snowplow_tracker.self_describing_json.SelfDescribingJson object at 0x000001FBB1399630>]}
[0m09:15:31.696475 [info ] [MainThread]: 
[0m09:15:31.697385 [info ] [MainThread]: Concurrency: 5 threads (target='prod')
[0m09:15:31.697962 [info ] [MainThread]: 
[0m09:15:31.698845 [debug] [MainThread]: Acquiring new snowflake connection 'master'
[0m09:15:31.701458 [debug] [ThreadPool]: Acquiring new snowflake connection 'list_DCM_LEARNING'
[0m09:15:31.734147 [debug] [ThreadPool]: Using snowflake connection "list_DCM_LEARNING"
[0m09:15:31.734851 [debug] [ThreadPool]: On list_DCM_LEARNING: show terse schemas in database DCM_LEARNING
    limit 10000
/* {"app": "dbt", "dbt_version": "1.12.3", "profile_name": "snowflake_project", "target_name": "prod", "connection_name": "list_DCM_LEARNING"} */
[0m09:15:31.735268 [debug] [ThreadPool]: Opening a new connection, currently in state init
[0m09:15:32.790439 [debug] [ThreadPool]: SQL status: SUCCESS 4 in 1.055 seconds
[0m09:15:32.799861 [debug] [ThreadPool]: Acquiring new snowflake connection 'list_DCM_LEARNING_PROD'
[0m09:15:32.833238 [debug] [ThreadPool]: Using snowflake connection "list_DCM_LEARNING_PROD"
[0m09:15:32.834331 [debug] [ThreadPool]: On list_DCM_LEARNING_PROD: show objects in DCM_LEARNING.PROD
    limit 10000
    

/* {"app": "dbt", "dbt_version": "1.12.3", "profile_name": "snowflake_project", "target_name": "prod", "connection_name": "list_DCM_LEARNING_PROD"} */;
[0m09:15:32.835140 [debug] [ThreadPool]: Opening a new connection, currently in state init
[0m09:15:33.403963 [debug] [ThreadPool]: SQL status: SUCCESS 2 in 0.569 seconds
[0m09:15:33.425546 [debug] [ThreadPool]: Using snowflake connection "list_DCM_LEARNING_PROD"
[0m09:15:33.426819 [debug] [ThreadPool]: On list_DCM_LEARNING_PROD: show user functions in DCM_LEARNING.PROD
/* {"app": "dbt", "dbt_version": "1.12.3", "profile_name": "snowflake_project", "target_name": "prod", "connection_name": "list_DCM_LEARNING_PROD"} */
[0m09:15:33.521708 [debug] [ThreadPool]: SQL status: SUCCESS 0 in 0.094 seconds
[0m09:15:33.529606 [debug] [MainThread]: Sending event: {'category': 'dbt', 'action': 'runnable_timing', 'label': '0d70d51d-8bc1-43ee-bbd4-7ab92e8ceca6', 'context': [<snowplow_tracker.self_describing_json.SelfDescribingJson object at 0x000001FBB16D9A50>]}
[0m09:15:33.544328 [debug] [Thread-2 (]: Began running node model.snowflake_project.orders_summary
[0m09:15:33.546117 [info ] [Thread-2 (]: 1 of 1 START sql table model PROD.orders_summary ............................... [RUN]
[0m09:15:33.548944 [debug] [Thread-2 (]: Acquiring new snowflake connection 'model.snowflake_project.orders_summary'
[0m09:15:33.550260 [debug] [Thread-2 (]: Began compiling node model.snowflake_project.orders_summary
[0m09:15:33.567817 [debug] [Thread-2 (]: Writing injected SQL for node "model.snowflake_project.orders_summary"
[0m09:15:33.571588 [debug] [Thread-2 (]: Began executing node model.snowflake_project.orders_summary
[0m09:15:33.641041 [debug] [Thread-2 (]: Writing runtime sql for node "model.snowflake_project.orders_summary"
[0m09:15:33.643660 [debug] [Thread-2 (]: Using snowflake connection "model.snowflake_project.orders_summary"
[0m09:15:33.644281 [debug] [Thread-2 (]: On model.snowflake_project.orders_summary: create or replace transient table DCM_LEARNING.PROD.orders_summary
    
    
    
    
    

    as (
SELECT
    customer_id,
    COUNT(*) AS order_count,
    SUM(amount) AS total_spent
FROM DCM_LEARNING.PROD.ORDERS_RAW
GROUP BY customer_id
    )

/* {"app": "dbt", "dbt_version": "1.12.3", "profile_name": "snowflake_project", "target_name": "prod", "node_id": "model.snowflake_project.orders_summary"} */;
[0m09:15:33.644771 [debug] [Thread-2 (]: Opening a new connection, currently in state init
[0m09:15:34.735594 [debug] [Thread-2 (]: SQL status: SUCCESS 2 in 1.090 seconds
[0m09:15:34.813089 [debug] [Thread-2 (]: Sending event: {'category': 'dbt', 'action': 'run_model', 'label': '0d70d51d-8bc1-43ee-bbd4-7ab92e8ceca6', 'context': [<snowplow_tracker.self_describing_json.SelfDescribingJson object at 0x000001FBB18901D0>]}
[0m09:15:34.814756 [info ] [Thread-2 (]: 1 of 1 OK created sql table model PROD.orders_summary .......................... [[32mSUCCESS 2[0m in 1.26s]
[0m09:15:34.816726 [debug] [Thread-2 (]: Finished running node model.snowflake_project.orders_summary
[0m09:15:34.820505 [debug] [MainThread]: Connection 'master' was properly closed.
[0m09:15:34.821322 [debug] [MainThread]: Connection 'list_DCM_LEARNING' was left open.
[0m09:15:34.822376 [debug] [MainThread]: On list_DCM_LEARNING: Close
[0m09:15:35.211745 [debug] [MainThread]: Connection 'list_DCM_LEARNING_PROD' was left open.
[0m09:15:35.213078 [debug] [MainThread]: On list_DCM_LEARNING_PROD: Close
[0m09:15:35.327908 [debug] [MainThread]: Connection 'model.snowflake_project.orders_summary' was left open.
[0m09:15:35.329321 [debug] [MainThread]: On model.snowflake_project.orders_summary: Close
[0m09:15:35.457192 [info ] [MainThread]: 
[0m09:15:35.459075 [info ] [MainThread]: Finished running 1 table model in 0 hours 0 minutes and 3.76 seconds (3.76s).
[0m09:15:35.461993 [debug] [MainThread]: Command end result
[0m09:15:35.549162 [debug] [MainThread]: Wrote artifact WritableManifest to C:\dbt\snowflake_project\target\manifest.json
[0m09:15:35.557223 [debug] [MainThread]: Wrote artifact SemanticManifest to C:\dbt\snowflake_project\target\semantic_manifest.json
[0m09:15:35.565000 [debug] [MainThread]: Wrote artifact OsiDocument to C:\dbt\snowflake_project\target\osi_document.json
[0m09:15:35.577379 [debug] [MainThread]: Wrote artifact RunExecutionResult to C:\dbt\snowflake_project\target\run_results.json
[0m09:15:35.578056 [info ] [MainThread]: 
[0m09:15:35.579325 [info ] [MainThread]: [32mCompleted successfully[0m
[0m09:15:35.580228 [info ] [MainThread]: 
[0m09:15:35.581177 [info ] [MainThread]: Done. PASS=1 WARN=0 ERROR=0 SKIP=0 NO-OP=0 REUSED=0 TOTAL=1
[0m09:15:35.583149 [debug] [MainThread]: Command `dbt run` succeeded at 09:15:35.582955 after 6.77 seconds
[0m09:15:35.583743 [debug] [MainThread]: Sending event: {'category': 'dbt', 'action': 'invocation', 'label': 'end', 'context': [<snowplow_tracker.self_describing_json.SelfDescribingJson object at 0x000001FBB1850F70>, <snowplow_tracker.self_describing_json.SelfDescribingJson object at 0x000001FBB17B5090>, <snowplow_tracker.self_describing_json.SelfDescribingJson object at 0x000001FBAE900EB0>]}
[0m09:15:35.584305 [debug] [MainThread]: Flushing usage events
[0m09:15:37.394534 [debug] [MainThread]: An error was encountered while trying to flush usage events
[0m08:32:14.487783 [debug] [MainThread]: Sending event: {'category': 'dbt', 'action': 'invocation', 'label': 'start', 'context': [<snowplow_tracker.self_describing_json.SelfDescribingJson object at 0x0000023F9B9BA510>, <snowplow_tracker.self_describing_json.SelfDescribingJson object at 0x0000023F9DE03ED0>, <snowplow_tracker.self_describing_json.SelfDescribingJson object at 0x0000023F9DE039D0>]}


============================== 08:32:14.510336 | fadf6d20-27ed-452b-8623-6d4f5369fcf4 ==============================
[0m08:32:14.510336 [info ] [MainThread]: Running with dbt=1.12.3
[0m08:32:14.510864 [debug] [MainThread]: running dbt with arguments {'static_parser': 'True', 'no_print': 'None', 'version_check': 'True', 'warn_error_options': 'WarnErrorOptionsV2(error=[], warn=[], silence=[])', 'target_path': 'None', 'maximum_seed_size_mib': '1', 'printer_width': '80', 'write_json': 'True', 'empty': 'False', 'log_cache_events': 'False', 'introspect': 'True', 'cache_selected_only': 'False', 'fail_fast': 'False', 'debug': 'False', 'log_format': 'default', 'profiles_dir': 'C:\\Users\\RaghavV\\.dbt', 'send_anonymous_usage_stats': 'True', 'quiet': 'False', 'warn_error': 'None', 'partial_parse': 'True', 'invocation_command': 'dbt run --select orders_summary --target dev', 'hints_enabled': 'True', 'use_colors': 'True', 'use_experimental_parser': 'False', 'indirect_selection': 'eager', 'log_path': 'C:\\dbt\\snowflake_project\\logs'}
[0m08:32:24.980506 [debug] [MainThread]: Snowflake adapter: Setting snowflake.connector to ERROR (file logging only)
[0m08:32:24.981220 [debug] [MainThread]: Snowflake adapter: Setting botocore to ERROR (file logging only)
[0m08:32:24.981676 [debug] [MainThread]: Snowflake adapter: Setting boto3 to ERROR (file logging only)
[0m08:32:37.098557 [debug] [MainThread]: Sending event: {'category': 'dbt', 'action': 'project_id', 'label': 'fadf6d20-27ed-452b-8623-6d4f5369fcf4', 'context': [<snowplow_tracker.self_describing_json.SelfDescribingJson object at 0x0000023F9BD12650>]}
[0m08:32:37.157928 [debug] [MainThread]: Sending event: {'category': 'dbt', 'action': 'adapter_info', 'label': 'fadf6d20-27ed-452b-8623-6d4f5369fcf4', 'context': [<snowplow_tracker.self_describing_json.SelfDescribingJson object at 0x0000023FA007B9B0>]}
[0m08:32:37.194035 [info ] [MainThread]: Registered adapter: snowflake=1.12.0
[0m08:32:38.043783 [debug] [MainThread]: checksum: 3a3c27a524e818ee7bd77a795e8dfd119f00607797ea8906f3f50a8cf548551f, vars: {}, profile: snowflake_project, target: dev, version: 1.12.3
[0m08:32:38.190146 [info ] [MainThread]: Unable to do partial parsing because config vars, config profile, or config target have changed
[0m08:32:38.191174 [debug] [MainThread]: previous checksum: 3a3c27a524e818ee7bd77a795e8dfd119f00607797ea8906f3f50a8cf548551f, current checksum: 0b533181aa16ece655cc514058c2b3b65954425e5e0d6f4218bee719d1a90ef8
[0m08:32:38.191502 [info ] [MainThread]: Unable to do partial parsing because profile has changed
[0m08:32:38.191984 [debug] [MainThread]: Sending event: {'category': 'dbt', 'action': 'partial_parser', 'label': 'fadf6d20-27ed-452b-8623-6d4f5369fcf4', 'context': [<snowplow_tracker.self_describing_json.SelfDescribingJson object at 0x0000023FA056A050>]}
[0m08:32:44.888249 [warn ] [MainThread]: [[33mWARNING[0m]: Did not find matching node for patch with name 'my_first_dbt_model' in the 'models' section of file 'models\example\schema.yml'
[0m08:32:44.889846 [warn ] [MainThread]: [[33mWARNING[0m]: Did not find matching node for patch with name 'my_second_dbt_model' in the 'models' section of file 'models\example\schema.yml'
[0m08:32:45.103656 [warn ] [MainThread]: [[33mWARNING[0m]: Test 'test.snowflake_project.unique_my_first_dbt_model_id.16e066b321' (models\example\schema.yml) depends on a node named 'my_first_dbt_model' in package '' which was not found
[0m08:32:45.104487 [warn ] [MainThread]: [[33mWARNING[0m]: Test 'test.snowflake_project.not_null_my_first_dbt_model_id.5fb22c2710' (models\example\schema.yml) depends on a node named 'my_first_dbt_model' in package '' which was not found
[0m08:32:45.105070 [warn ] [MainThread]: [[33mWARNING[0m]: Test 'test.snowflake_project.unique_my_second_dbt_model_id.57a0f8c493' (models\example\schema.yml) depends on a node named 'my_second_dbt_model' in package '' which was not found
[0m08:32:45.105604 [warn ] [MainThread]: [[33mWARNING[0m]: Test 'test.snowflake_project.not_null_my_second_dbt_model_id.151b76d778' (models\example\schema.yml) depends on a node named 'my_second_dbt_model' in package '' which was not found
[0m08:32:45.193706 [debug] [MainThread]: Sending event: {'category': 'dbt', 'action': 'load_project', 'label': 'fadf6d20-27ed-452b-8623-6d4f5369fcf4', 'context': [<snowplow_tracker.self_describing_json.SelfDescribingJson object at 0x0000023FA04FC9B0>]}
[0m08:32:45.277289 [debug] [MainThread]: Wrote artifact WritableManifest to C:\dbt\snowflake_project\target\manifest.json
[0m08:32:45.334316 [debug] [MainThread]: Wrote artifact SemanticManifest to C:\dbt\snowflake_project\target\semantic_manifest.json
[0m08:32:46.267015 [debug] [MainThread]: Wrote artifact OsiDocument to C:\dbt\snowflake_project\target\osi_document.json
[0m08:32:46.573904 [debug] [MainThread]: Sending event: {'category': 'dbt', 'action': 'resource_counts', 'label': 'fadf6d20-27ed-452b-8623-6d4f5369fcf4', 'context': [<snowplow_tracker.self_describing_json.SelfDescribingJson object at 0x0000023FA079C3D0>]}
[0m08:32:46.574858 [info ] [MainThread]: Found 1 model, 1 source, 545 macros
[0m08:32:46.576210 [debug] [MainThread]: Sending event: {'category': 'dbt', 'action': 'runnable_timing', 'label': 'fadf6d20-27ed-452b-8623-6d4f5369fcf4', 'context': [<snowplow_tracker.self_describing_json.SelfDescribingJson object at 0x0000023FA06F98B0>]}
[0m08:32:46.579446 [info ] [MainThread]: 
[0m08:32:46.580749 [info ] [MainThread]: Concurrency: 5 threads (target='dev')
[0m08:32:46.582005 [info ] [MainThread]: 
[0m08:32:46.583023 [debug] [MainThread]: Acquiring new snowflake connection 'master'
[0m08:32:46.584814 [debug] [ThreadPool]: Acquiring new snowflake connection 'list_DCM_LEARNING'
[0m08:32:46.615610 [debug] [ThreadPool]: Using snowflake connection "list_DCM_LEARNING"
[0m08:32:46.616163 [debug] [ThreadPool]: On list_DCM_LEARNING: show terse schemas in database DCM_LEARNING
    limit 10000
/* {"app": "dbt", "dbt_version": "1.12.3", "profile_name": "snowflake_project", "target_name": "dev", "connection_name": "list_DCM_LEARNING"} */
[0m08:32:46.616517 [debug] [ThreadPool]: Opening a new connection, currently in state init
[0m08:32:49.463203 [debug] [ThreadPool]: SQL status: SUCCESS 4 in 2.846 seconds
[0m08:32:49.470356 [debug] [ThreadPool]: Acquiring new snowflake connection 'list_DCM_LEARNING_TEST'
[0m08:32:49.500869 [debug] [ThreadPool]: Using snowflake connection "list_DCM_LEARNING_TEST"
[0m08:32:49.501605 [debug] [ThreadPool]: On list_DCM_LEARNING_TEST: show objects in DCM_LEARNING.TEST
    limit 10000
    

/* {"app": "dbt", "dbt_version": "1.12.3", "profile_name": "snowflake_project", "target_name": "dev", "connection_name": "list_DCM_LEARNING_TEST"} */;
[0m08:32:49.502109 [debug] [ThreadPool]: Opening a new connection, currently in state init
[0m08:32:50.178295 [debug] [ThreadPool]: SQL status: SUCCESS 3 in 0.676 seconds
[0m08:32:50.186477 [debug] [ThreadPool]: Using snowflake connection "list_DCM_LEARNING_TEST"
[0m08:32:50.186829 [debug] [ThreadPool]: On list_DCM_LEARNING_TEST: show user functions in DCM_LEARNING.TEST
/* {"app": "dbt", "dbt_version": "1.12.3", "profile_name": "snowflake_project", "target_name": "dev", "connection_name": "list_DCM_LEARNING_TEST"} */
[0m08:32:50.309999 [debug] [ThreadPool]: SQL status: SUCCESS 0 in 0.123 seconds
[0m08:32:50.314054 [debug] [MainThread]: Sending event: {'category': 'dbt', 'action': 'runnable_timing', 'label': 'fadf6d20-27ed-452b-8623-6d4f5369fcf4', 'context': [<snowplow_tracker.self_describing_json.SelfDescribingJson object at 0x0000023FA0E83F50>]}
[0m08:32:50.330605 [debug] [Thread-2 (]: Began running node model.snowflake_project.orders_summary
[0m08:32:50.331704 [info ] [Thread-2 (]: 1 of 1 START sql table model TEST.orders_summary ............................... [RUN]
[0m08:32:50.332803 [debug] [Thread-2 (]: Acquiring new snowflake connection 'model.snowflake_project.orders_summary'
[0m08:32:50.333133 [debug] [Thread-2 (]: Began compiling node model.snowflake_project.orders_summary
[0m08:32:50.337983 [debug] [Thread-2 (]: Writing injected SQL for node "model.snowflake_project.orders_summary"
[0m08:32:50.339349 [debug] [Thread-2 (]: Began executing node model.snowflake_project.orders_summary
[0m08:32:50.370649 [debug] [Thread-2 (]: Writing runtime sql for node "model.snowflake_project.orders_summary"
[0m08:32:50.372642 [debug] [Thread-2 (]: Using snowflake connection "model.snowflake_project.orders_summary"
[0m08:32:50.373219 [debug] [Thread-2 (]: On model.snowflake_project.orders_summary: create or replace transient table DCM_LEARNING.TEST.orders_summary
    
    
    
    
    

    as (
SELECT
    customer_id,
    COUNT(*) AS order_count,
    SUM(amount) AS total_spent
FROM DCM_LEARNING.TEST.ORDERS_RAW
GROUP BY customer_id
    )

/* {"app": "dbt", "dbt_version": "1.12.3", "profile_name": "snowflake_project", "target_name": "dev", "node_id": "model.snowflake_project.orders_summary"} */;
[0m08:32:50.373603 [debug] [Thread-2 (]: Opening a new connection, currently in state init
[0m08:32:50.828199 [debug] [Thread-2 (]: Snowflake adapter: Snowflake query id: 01c6b476-0002-894e-000e-803600168306
[0m08:32:50.828702 [debug] [Thread-2 (]: Snowflake adapter: Snowflake error: 003001 (42501): SQL access control error:
Insufficient privileges to operate on schema 'TEST'. Your primary role DBT_DEV_ROLE must have CREATE TABLE granted on SCHEMA DCM_LEARNING.TEST.
[0m08:32:50.833149 [debug] [Thread-2 (]: Database Error in model orders_summary (models\example\orders_summary.sql)
  003001 (42501): SQL access control error:
  Insufficient privileges to operate on schema 'TEST'. Your primary role DBT_DEV_ROLE must have CREATE TABLE granted on SCHEMA DCM_LEARNING.TEST.
  compiled code at target\run\snowflake_project\models\example\orders_summary.sql
[0m08:32:50.844759 [debug] [Thread-2 (]: Sending event: {'category': 'dbt', 'action': 'run_model', 'label': 'fadf6d20-27ed-452b-8623-6d4f5369fcf4', 'context': [<snowplow_tracker.self_describing_json.SelfDescribingJson object at 0x0000023FA0AD3A10>]}
[0m08:32:50.845484 [error] [Thread-2 (]: 1 of 1 ERROR creating sql table model TEST.orders_summary ...................... [[31mERROR[0m in 0.50s]
[0m08:32:50.846421 [debug] [Thread-2 (]: Finished running node model.snowflake_project.orders_summary
[0m08:32:50.846914 [debug] [Thread-9 (]: Marking all children of 'model.snowflake_project.orders_summary' to be skipped because of status 'error'.  Reason: Database Error in model orders_summary (models\example\orders_summary.sql)
  003001 (42501): SQL access control error:
  Insufficient privileges to operate on schema 'TEST'. Your primary role DBT_DEV_ROLE must have CREATE TABLE granted on SCHEMA DCM_LEARNING.TEST.
  compiled code at target\run\snowflake_project\models\example\orders_summary.sql.
[0m08:32:50.848954 [debug] [MainThread]: Connection 'master' was properly closed.
[0m08:32:50.849236 [debug] [MainThread]: Connection 'list_DCM_LEARNING' was left open.
[0m08:32:50.849437 [debug] [MainThread]: On list_DCM_LEARNING: Close
[0m08:32:50.940874 [debug] [MainThread]: Connection 'list_DCM_LEARNING_TEST' was left open.
[0m08:32:50.941402 [debug] [MainThread]: On list_DCM_LEARNING_TEST: Close
[0m08:32:51.611278 [debug] [MainThread]: Connection 'model.snowflake_project.orders_summary' was left open.
[0m08:32:51.611802 [debug] [MainThread]: On model.snowflake_project.orders_summary: Close
[0m08:32:51.979134 [info ] [MainThread]: 
[0m08:32:51.980367 [info ] [MainThread]: Finished running 1 table model in 0 hours 0 minutes and 5.40 seconds (5.40s).
[0m08:32:51.981790 [debug] [MainThread]: Command end result
[0m08:32:52.018692 [debug] [MainThread]: Wrote artifact WritableManifest to C:\dbt\snowflake_project\target\manifest.json
[0m08:32:52.026843 [debug] [MainThread]: Wrote artifact SemanticManifest to C:\dbt\snowflake_project\target\semantic_manifest.json
[0m08:32:52.034680 [debug] [MainThread]: Wrote artifact OsiDocument to C:\dbt\snowflake_project\target\osi_document.json
[0m08:32:52.042890 [debug] [MainThread]: Wrote artifact RunExecutionResult to C:\dbt\snowflake_project\target\run_results.json
[0m08:32:52.043244 [info ] [MainThread]: 
[0m08:32:52.043626 [info ] [MainThread]: [31mCompleted with 1 error, 0 partial successes, and 0 warnings:[0m
[0m08:32:52.044282 [info ] [MainThread]: 
[0m08:32:52.045020 [error] [MainThread]: [[31mERROR[0m]: in model orders_summary (models\example\orders_summary.sql)
[0m08:32:52.045747 [error] [MainThread]:   Database Error in model orders_summary (models\example\orders_summary.sql)
  003001 (42501): SQL access control error:
  Insufficient privileges to operate on schema 'TEST'. Your primary role DBT_DEV_ROLE must have CREATE TABLE granted on SCHEMA DCM_LEARNING.TEST.
  compiled code at target\run\snowflake_project\models\example\orders_summary.sql
[0m08:32:52.046241 [info ] [MainThread]: 
[0m08:32:52.046798 [info ] [MainThread]:   compiled code at target\compiled\snowflake_project\models\example\orders_summary.sql
[0m08:32:52.047339 [info ] [MainThread]: 
[0m08:32:52.047718 [info ] [MainThread]: Done. PASS=0 WARN=0 ERROR=1 SKIP=0 NO-OP=0 REUSED=0 TOTAL=1
[0m08:32:52.048587 [debug] [MainThread]: Command `dbt run` failed at 08:32:52.048492 after 37.92 seconds
[0m08:32:52.048876 [debug] [MainThread]: Sending event: {'category': 'dbt', 'action': 'invocation', 'label': 'end', 'context': [<snowplow_tracker.self_describing_json.SelfDescribingJson object at 0x0000023FA0CE0B90>, <snowplow_tracker.self_describing_json.SelfDescribingJson object at 0x0000023FA0BA8950>, <snowplow_tracker.self_describing_json.SelfDescribingJson object at 0x0000023FA0B93650>]}
[0m08:32:52.049148 [debug] [MainThread]: Flushing usage events
[0m08:32:53.558030 [debug] [MainThread]: An error was encountered while trying to flush usage events
[0m08:41:18.098858 [debug] [MainThread]: Sending event: {'category': 'dbt', 'action': 'invocation', 'label': 'start', 'context': [<snowplow_tracker.self_describing_json.SelfDescribingJson object at 0x00000274F81BA510>, <snowplow_tracker.self_describing_json.SelfDescribingJson object at 0x00000274FA603ED0>, <snowplow_tracker.self_describing_json.SelfDescribingJson object at 0x00000274FA6039D0>]}


============================== 08:41:18.102770 | 504d92ab-a272-46a4-bd71-e92daecc1f8b ==============================
[0m08:41:18.102770 [info ] [MainThread]: Running with dbt=1.12.3
[0m08:41:18.103261 [debug] [MainThread]: running dbt with arguments {'static_parser': 'True', 'no_print': 'None', 'maximum_seed_size_mib': '1', 'warn_error_options': 'WarnErrorOptionsV2(error=[], warn=[], silence=[])', 'target_path': 'None', 'version_check': 'True', 'printer_width': '80', 'write_json': 'True', 'empty': 'False', 'log_cache_events': 'False', 'introspect': 'True', 'cache_selected_only': 'False', 'log_format': 'default', 'debug': 'False', 'fail_fast': 'False', 'partial_parse': 'True', 'send_anonymous_usage_stats': 'True', 'quiet': 'False', 'warn_error': 'None', 'profiles_dir': 'C:\\Users\\RaghavV\\.dbt', 'use_colors': 'True', 'hints_enabled': 'True', 'indirect_selection': 'eager', 'use_experimental_parser': 'False', 'invocation_command': 'dbt run --select orders_summary --target dev', 'log_path': 'C:\\dbt\\snowflake_project\\logs'}
[0m08:41:18.530709 [debug] [MainThread]: Snowflake adapter: Setting snowflake.connector to ERROR (file logging only)
[0m08:41:18.531117 [debug] [MainThread]: Snowflake adapter: Setting botocore to ERROR (file logging only)
[0m08:41:18.531336 [debug] [MainThread]: Snowflake adapter: Setting boto3 to ERROR (file logging only)
[0m08:41:18.789308 [debug] [MainThread]: Sending event: {'category': 'dbt', 'action': 'project_id', 'label': '504d92ab-a272-46a4-bd71-e92daecc1f8b', 'context': [<snowplow_tracker.self_describing_json.SelfDescribingJson object at 0x00000274F8512650>]}
[0m08:41:18.841335 [debug] [MainThread]: Sending event: {'category': 'dbt', 'action': 'adapter_info', 'label': '504d92ab-a272-46a4-bd71-e92daecc1f8b', 'context': [<snowplow_tracker.self_describing_json.SelfDescribingJson object at 0x00000274FC89B9B0>]}
[0m08:41:18.843055 [info ] [MainThread]: Registered adapter: snowflake=1.12.0
[0m08:41:19.111456 [debug] [MainThread]: checksum: 3a3c27a524e818ee7bd77a795e8dfd119f00607797ea8906f3f50a8cf548551f, vars: {}, profile: snowflake_project, target: dev, version: 1.12.3
[0m08:41:19.264398 [debug] [MainThread]: Partial parsing enabled: 0 files deleted, 0 files added, 0 files changed.
[0m08:41:19.264728 [debug] [MainThread]: Nothing changed, skipping partial parsing.
[0m08:41:19.264908 [debug] [MainThread]: Partial parsing enabled, no changes found, skipping parsing
[0m08:41:19.271659 [debug] [MainThread]: Sending event: {'category': 'dbt', 'action': 'load_project', 'label': '504d92ab-a272-46a4-bd71-e92daecc1f8b', 'context': [<snowplow_tracker.self_describing_json.SelfDescribingJson object at 0x00000274FCD8EA50>]}
[0m08:41:19.393985 [debug] [MainThread]: Wrote artifact WritableManifest to C:\dbt\snowflake_project\target\manifest.json
[0m08:41:19.397457 [debug] [MainThread]: Wrote artifact SemanticManifest to C:\dbt\snowflake_project\target\semantic_manifest.json
[0m08:41:19.417605 [debug] [MainThread]: Wrote artifact OsiDocument to C:\dbt\snowflake_project\target\osi_document.json
[0m08:41:19.431068 [debug] [MainThread]: Sending event: {'category': 'dbt', 'action': 'resource_counts', 'label': '504d92ab-a272-46a4-bd71-e92daecc1f8b', 'context': [<snowplow_tracker.self_describing_json.SelfDescribingJson object at 0x00000274FCF549B0>]}
[0m08:41:19.431795 [info ] [MainThread]: Found 1 model, 1 source, 545 macros
[0m08:41:19.432600 [debug] [MainThread]: Sending event: {'category': 'dbt', 'action': 'runnable_timing', 'label': '504d92ab-a272-46a4-bd71-e92daecc1f8b', 'context': [<snowplow_tracker.self_describing_json.SelfDescribingJson object at 0x00000274FCF126D0>]}
[0m08:41:19.434033 [info ] [MainThread]: 
[0m08:41:19.434700 [info ] [MainThread]: Concurrency: 5 threads (target='dev')
[0m08:41:19.434981 [info ] [MainThread]: 
[0m08:41:19.435748 [debug] [MainThread]: Acquiring new snowflake connection 'master'
[0m08:41:19.436592 [debug] [ThreadPool]: Acquiring new snowflake connection 'list_DCM_LEARNING'
[0m08:41:19.453920 [debug] [ThreadPool]: Using snowflake connection "list_DCM_LEARNING"
[0m08:41:19.454255 [debug] [ThreadPool]: On list_DCM_LEARNING: show terse schemas in database DCM_LEARNING
    limit 10000
/* {"app": "dbt", "dbt_version": "1.12.3", "profile_name": "snowflake_project", "target_name": "dev", "connection_name": "list_DCM_LEARNING"} */
[0m08:41:19.454464 [debug] [ThreadPool]: Opening a new connection, currently in state init
[0m08:41:20.238592 [debug] [ThreadPool]: SQL status: SUCCESS 4 in 0.784 seconds
[0m08:41:20.247259 [debug] [ThreadPool]: Acquiring new snowflake connection 'list_DCM_LEARNING_TEST'
[0m08:41:20.267785 [debug] [ThreadPool]: Using snowflake connection "list_DCM_LEARNING_TEST"
[0m08:41:20.268752 [debug] [ThreadPool]: On list_DCM_LEARNING_TEST: show objects in DCM_LEARNING.TEST
    limit 10000
    

/* {"app": "dbt", "dbt_version": "1.12.3", "profile_name": "snowflake_project", "target_name": "dev", "connection_name": "list_DCM_LEARNING_TEST"} */;
[0m08:41:20.269484 [debug] [ThreadPool]: Opening a new connection, currently in state init
[0m08:41:20.634560 [debug] [ThreadPool]: SQL status: SUCCESS 3 in 0.365 seconds
[0m08:41:20.650451 [debug] [ThreadPool]: Using snowflake connection "list_DCM_LEARNING_TEST"
[0m08:41:20.651148 [debug] [ThreadPool]: On list_DCM_LEARNING_TEST: show user functions in DCM_LEARNING.TEST
/* {"app": "dbt", "dbt_version": "1.12.3", "profile_name": "snowflake_project", "target_name": "dev", "connection_name": "list_DCM_LEARNING_TEST"} */
[0m08:41:20.727948 [debug] [ThreadPool]: SQL status: SUCCESS 0 in 0.076 seconds
[0m08:41:20.735398 [debug] [MainThread]: Sending event: {'category': 'dbt', 'action': 'runnable_timing', 'label': '504d92ab-a272-46a4-bd71-e92daecc1f8b', 'context': [<snowplow_tracker.self_describing_json.SelfDescribingJson object at 0x00000274FCFEEEA0>]}
[0m08:41:20.745249 [debug] [Thread-2 (]: Began running node model.snowflake_project.orders_summary
[0m08:41:20.746361 [info ] [Thread-2 (]: 1 of 1 START sql table model TEST.orders_summary ............................... [RUN]
[0m08:41:20.747874 [debug] [Thread-2 (]: Acquiring new snowflake connection 'model.snowflake_project.orders_summary'
[0m08:41:20.749006 [debug] [Thread-2 (]: Began compiling node model.snowflake_project.orders_summary
[0m08:41:20.763240 [debug] [Thread-2 (]: Writing injected SQL for node "model.snowflake_project.orders_summary"
[0m08:41:20.765638 [debug] [Thread-2 (]: Began executing node model.snowflake_project.orders_summary
[0m08:41:20.802372 [debug] [Thread-2 (]: Writing runtime sql for node "model.snowflake_project.orders_summary"
[0m08:41:20.804763 [debug] [Thread-2 (]: Using snowflake connection "model.snowflake_project.orders_summary"
[0m08:41:20.805656 [debug] [Thread-2 (]: On model.snowflake_project.orders_summary: create or replace transient table DCM_LEARNING.TEST.orders_summary
    
    
    
    
    

    as (
SELECT
    customer_id,
    COUNT(*) AS order_count,
    SUM(amount) AS total_spent
FROM DCM_LEARNING.TEST.ORDERS_RAW
GROUP BY customer_id
    )

/* {"app": "dbt", "dbt_version": "1.12.3", "profile_name": "snowflake_project", "target_name": "dev", "node_id": "model.snowflake_project.orders_summary"} */;
[0m08:41:20.806371 [debug] [Thread-2 (]: Opening a new connection, currently in state init
[0m08:41:22.386157 [debug] [Thread-2 (]: SQL status: SUCCESS 3 in 1.579 seconds
[0m08:41:22.447261 [debug] [Thread-2 (]: Sending event: {'category': 'dbt', 'action': 'run_model', 'label': '504d92ab-a272-46a4-bd71-e92daecc1f8b', 'context': [<snowplow_tracker.self_describing_json.SelfDescribingJson object at 0x00000274FCFEA990>]}
[0m08:41:22.449805 [info ] [Thread-2 (]: 1 of 1 OK created sql table model TEST.orders_summary .......................... [[32mSUCCESS 3[0m in 1.70s]
[0m08:41:22.451595 [debug] [Thread-2 (]: Finished running node model.snowflake_project.orders_summary
[0m08:41:22.455217 [debug] [MainThread]: Connection 'master' was properly closed.
[0m08:41:22.456313 [debug] [MainThread]: Connection 'list_DCM_LEARNING' was left open.
[0m08:41:22.457259 [debug] [MainThread]: On list_DCM_LEARNING: Close
[0m08:41:22.554544 [debug] [MainThread]: Connection 'list_DCM_LEARNING_TEST' was left open.
[0m08:41:22.555859 [debug] [MainThread]: On list_DCM_LEARNING_TEST: Close
[0m08:41:22.656612 [debug] [MainThread]: Connection 'model.snowflake_project.orders_summary' was left open.
[0m08:41:22.657406 [debug] [MainThread]: On model.snowflake_project.orders_summary: Close
[0m08:41:22.756414 [info ] [MainThread]: 
[0m08:41:22.758774 [info ] [MainThread]: Finished running 1 table model in 0 hours 0 minutes and 3.32 seconds (3.32s).
[0m08:41:22.761453 [debug] [MainThread]: Command end result
[0m08:41:22.830669 [debug] [MainThread]: Wrote artifact WritableManifest to C:\dbt\snowflake_project\target\manifest.json
[0m08:41:22.836864 [debug] [MainThread]: Wrote artifact SemanticManifest to C:\dbt\snowflake_project\target\semantic_manifest.json
[0m08:41:22.841750 [debug] [MainThread]: Wrote artifact OsiDocument to C:\dbt\snowflake_project\target\osi_document.json
[0m08:41:22.848509 [debug] [MainThread]: Wrote artifact RunExecutionResult to C:\dbt\snowflake_project\target\run_results.json
[0m08:41:22.848948 [info ] [MainThread]: 
[0m08:41:22.849546 [info ] [MainThread]: [32mCompleted successfully[0m
[0m08:41:22.849970 [info ] [MainThread]: 
[0m08:41:22.850416 [info ] [MainThread]: Done. PASS=1 WARN=0 ERROR=0 SKIP=0 NO-OP=0 REUSED=0 TOTAL=1
[0m08:41:22.851330 [debug] [MainThread]: Command `dbt run` succeeded at 08:41:22.851235 after 4.93 seconds
[0m08:41:22.851614 [debug] [MainThread]: Sending event: {'category': 'dbt', 'action': 'invocation', 'label': 'end', 'context': [<snowplow_tracker.self_describing_json.SelfDescribingJson object at 0x00000274FD183800>, <snowplow_tracker.self_describing_json.SelfDescribingJson object at 0x00000274FD193570>, <snowplow_tracker.self_describing_json.SelfDescribingJson object at 0x00000274FD1932F0>]}
[0m08:41:22.851890 [debug] [MainThread]: Flushing usage events
[0m08:41:24.329785 [debug] [MainThread]: An error was encountered while trying to flush usage events
[0m08:41:33.222945 [debug] [MainThread]: Sending event: {'category': 'dbt', 'action': 'invocation', 'label': 'start', 'context': [<snowplow_tracker.self_describing_json.SelfDescribingJson object at 0x0000018FDE7BA510>, <snowplow_tracker.self_describing_json.SelfDescribingJson object at 0x0000018FE0C03ED0>, <snowplow_tracker.self_describing_json.SelfDescribingJson object at 0x0000018FE0C039D0>]}


============================== 08:41:33.228725 | 2ce96966-c833-4203-8235-45529e02336f ==============================
[0m08:41:33.228725 [info ] [MainThread]: Running with dbt=1.12.3
[0m08:41:33.229361 [debug] [MainThread]: running dbt with arguments {'maximum_seed_size_mib': '1', 'no_print': 'None', 'version_check': 'True', 'target_path': 'None', 'static_parser': 'True', 'warn_error_options': 'WarnErrorOptionsV2(error=[], warn=[], silence=[])', 'printer_width': '80', 'write_json': 'True', 'empty': 'False', 'log_cache_events': 'False', 'introspect': 'True', 'cache_selected_only': 'False', 'fail_fast': 'False', 'debug': 'False', 'log_format': 'default', 'profiles_dir': 'C:\\Users\\RaghavV\\.dbt', 'send_anonymous_usage_stats': 'True', 'quiet': 'False', 'warn_error': 'None', 'partial_parse': 'True', 'use_colors': 'True', 'hints_enabled': 'True', 'invocation_command': 'dbt run --select orders_summary --target prod', 'use_experimental_parser': 'False', 'indirect_selection': 'eager', 'log_path': 'C:\\dbt\\snowflake_project\\logs'}
[0m08:41:33.666961 [debug] [MainThread]: Snowflake adapter: Setting snowflake.connector to ERROR (file logging only)
[0m08:41:33.667388 [debug] [MainThread]: Snowflake adapter: Setting botocore to ERROR (file logging only)
[0m08:41:33.667645 [debug] [MainThread]: Snowflake adapter: Setting boto3 to ERROR (file logging only)
[0m08:41:33.931659 [debug] [MainThread]: Sending event: {'category': 'dbt', 'action': 'project_id', 'label': '2ce96966-c833-4203-8235-45529e02336f', 'context': [<snowplow_tracker.self_describing_json.SelfDescribingJson object at 0x0000018FDEB12650>]}
[0m08:41:33.987616 [debug] [MainThread]: Sending event: {'category': 'dbt', 'action': 'adapter_info', 'label': '2ce96966-c833-4203-8235-45529e02336f', 'context': [<snowplow_tracker.self_describing_json.SelfDescribingJson object at 0x0000018FE2F879B0>]}
[0m08:41:33.990287 [info ] [MainThread]: Registered adapter: snowflake=1.12.0
[0m08:41:34.270793 [debug] [MainThread]: checksum: 0b533181aa16ece655cc514058c2b3b65954425e5e0d6f4218bee719d1a90ef8, vars: {}, profile: snowflake_project, target: prod, version: 1.12.3
[0m08:41:34.363667 [info ] [MainThread]: Unable to do partial parsing because config vars, config profile, or config target have changed
[0m08:41:34.364451 [debug] [MainThread]: previous checksum: 0b533181aa16ece655cc514058c2b3b65954425e5e0d6f4218bee719d1a90ef8, current checksum: 3a3c27a524e818ee7bd77a795e8dfd119f00607797ea8906f3f50a8cf548551f
[0m08:41:34.364777 [info ] [MainThread]: Unable to do partial parsing because profile has changed
[0m08:41:34.365291 [debug] [MainThread]: Sending event: {'category': 'dbt', 'action': 'partial_parser', 'label': '2ce96966-c833-4203-8235-45529e02336f', 'context': [<snowplow_tracker.self_describing_json.SelfDescribingJson object at 0x0000018FE346A250>]}
[0m08:41:35.391592 [warn ] [MainThread]: [[33mWARNING[0m]: Did not find matching node for patch with name 'my_first_dbt_model' in the 'models' section of file 'models\example\schema.yml'
[0m08:41:35.392997 [warn ] [MainThread]: [[33mWARNING[0m]: Did not find matching node for patch with name 'my_second_dbt_model' in the 'models' section of file 'models\example\schema.yml'
[0m08:41:35.625936 [warn ] [MainThread]: [[33mWARNING[0m]: Test 'test.snowflake_project.unique_my_first_dbt_model_id.16e066b321' (models\example\schema.yml) depends on a node named 'my_first_dbt_model' in package '' which was not found
[0m08:41:35.626615 [warn ] [MainThread]: [[33mWARNING[0m]: Test 'test.snowflake_project.not_null_my_first_dbt_model_id.5fb22c2710' (models\example\schema.yml) depends on a node named 'my_first_dbt_model' in package '' which was not found
[0m08:41:35.627118 [warn ] [MainThread]: [[33mWARNING[0m]: Test 'test.snowflake_project.unique_my_second_dbt_model_id.57a0f8c493' (models\example\schema.yml) depends on a node named 'my_second_dbt_model' in package '' which was not found
[0m08:41:35.627521 [warn ] [MainThread]: [[33mWARNING[0m]: Test 'test.snowflake_project.not_null_my_second_dbt_model_id.151b76d778' (models\example\schema.yml) depends on a node named 'my_second_dbt_model' in package '' which was not found
[0m08:41:35.732247 [debug] [MainThread]: Sending event: {'category': 'dbt', 'action': 'load_project', 'label': '2ce96966-c833-4203-8235-45529e02336f', 'context': [<snowplow_tracker.self_describing_json.SelfDescribingJson object at 0x0000018FE337C320>]}
[0m08:41:35.823724 [debug] [MainThread]: Wrote artifact WritableManifest to C:\dbt\snowflake_project\target\manifest.json
[0m08:41:35.831223 [debug] [MainThread]: Wrote artifact SemanticManifest to C:\dbt\snowflake_project\target\semantic_manifest.json
[0m08:41:35.863634 [debug] [MainThread]: Wrote artifact OsiDocument to C:\dbt\snowflake_project\target\osi_document.json
[0m08:41:35.877043 [debug] [MainThread]: Sending event: {'category': 'dbt', 'action': 'resource_counts', 'label': '2ce96966-c833-4203-8235-45529e02336f', 'context': [<snowplow_tracker.self_describing_json.SelfDescribingJson object at 0x0000018FE391EEB0>]}
[0m08:41:35.877516 [info ] [MainThread]: Found 1 model, 1 source, 545 macros
[0m08:41:35.877922 [debug] [MainThread]: Sending event: {'category': 'dbt', 'action': 'runnable_timing', 'label': '2ce96966-c833-4203-8235-45529e02336f', 'context': [<snowplow_tracker.self_describing_json.SelfDescribingJson object at 0x0000018FE33FD8B0>]}
[0m08:41:35.879447 [info ] [MainThread]: 
[0m08:41:35.879856 [info ] [MainThread]: Concurrency: 5 threads (target='prod')
[0m08:41:35.880207 [info ] [MainThread]: 
[0m08:41:35.880810 [debug] [MainThread]: Acquiring new snowflake connection 'master'
[0m08:41:35.881707 [debug] [ThreadPool]: Acquiring new snowflake connection 'list_DCM_LEARNING'
[0m08:41:35.896465 [debug] [ThreadPool]: Using snowflake connection "list_DCM_LEARNING"
[0m08:41:35.897023 [debug] [ThreadPool]: On list_DCM_LEARNING: show terse schemas in database DCM_LEARNING
    limit 10000
/* {"app": "dbt", "dbt_version": "1.12.3", "profile_name": "snowflake_project", "target_name": "prod", "connection_name": "list_DCM_LEARNING"} */
[0m08:41:35.897374 [debug] [ThreadPool]: Opening a new connection, currently in state init
[0m08:41:37.055529 [debug] [ThreadPool]: SQL status: SUCCESS 4 in 1.158 seconds
[0m08:41:37.062603 [debug] [ThreadPool]: Acquiring new snowflake connection 'list_DCM_LEARNING_PROD'
[0m08:41:37.090659 [debug] [ThreadPool]: Using snowflake connection "list_DCM_LEARNING_PROD"
[0m08:41:37.091600 [debug] [ThreadPool]: On list_DCM_LEARNING_PROD: show objects in DCM_LEARNING.PROD
    limit 10000
    

/* {"app": "dbt", "dbt_version": "1.12.3", "profile_name": "snowflake_project", "target_name": "prod", "connection_name": "list_DCM_LEARNING_PROD"} */;
[0m08:41:37.092154 [debug] [ThreadPool]: Opening a new connection, currently in state init
[0m08:41:37.543061 [debug] [ThreadPool]: SQL status: SUCCESS 2 in 0.451 seconds
[0m08:41:37.565511 [debug] [ThreadPool]: Using snowflake connection "list_DCM_LEARNING_PROD"
[0m08:41:37.566567 [debug] [ThreadPool]: On list_DCM_LEARNING_PROD: show user functions in DCM_LEARNING.PROD
/* {"app": "dbt", "dbt_version": "1.12.3", "profile_name": "snowflake_project", "target_name": "prod", "connection_name": "list_DCM_LEARNING_PROD"} */
[0m08:41:37.650337 [debug] [ThreadPool]: SQL status: SUCCESS 0 in 0.083 seconds
[0m08:41:37.658431 [debug] [MainThread]: Sending event: {'category': 'dbt', 'action': 'runnable_timing', 'label': '2ce96966-c833-4203-8235-45529e02336f', 'context': [<snowplow_tracker.self_describing_json.SelfDescribingJson object at 0x0000018FE39F6C90>]}
[0m08:41:37.676080 [debug] [Thread-2 (]: Began running node model.snowflake_project.orders_summary
[0m08:41:37.677984 [info ] [Thread-2 (]: 1 of 1 START sql table model PROD.orders_summary ............................... [RUN]
[0m08:41:37.680516 [debug] [Thread-2 (]: Acquiring new snowflake connection 'model.snowflake_project.orders_summary'
[0m08:41:37.681834 [debug] [Thread-2 (]: Began compiling node model.snowflake_project.orders_summary
[0m08:41:37.701912 [debug] [Thread-2 (]: Writing injected SQL for node "model.snowflake_project.orders_summary"
[0m08:41:37.707307 [debug] [Thread-2 (]: Began executing node model.snowflake_project.orders_summary
[0m08:41:37.773389 [debug] [Thread-2 (]: Writing runtime sql for node "model.snowflake_project.orders_summary"
[0m08:41:37.777139 [debug] [Thread-2 (]: Using snowflake connection "model.snowflake_project.orders_summary"
[0m08:41:37.778144 [debug] [Thread-2 (]: On model.snowflake_project.orders_summary: create or replace transient table DCM_LEARNING.PROD.orders_summary
    
    
    
    
    

    as (
SELECT
    customer_id,
    COUNT(*) AS order_count,
    SUM(amount) AS total_spent
FROM DCM_LEARNING.PROD.ORDERS_RAW
GROUP BY customer_id
    )

/* {"app": "dbt", "dbt_version": "1.12.3", "profile_name": "snowflake_project", "target_name": "prod", "node_id": "model.snowflake_project.orders_summary"} */;
[0m08:41:37.778870 [debug] [Thread-2 (]: Opening a new connection, currently in state init
[0m08:41:38.980620 [debug] [Thread-2 (]: SQL status: SUCCESS 2 in 1.201 seconds
[0m08:41:39.049434 [debug] [Thread-2 (]: Sending event: {'category': 'dbt', 'action': 'run_model', 'label': '2ce96966-c833-4203-8235-45529e02336f', 'context': [<snowplow_tracker.self_describing_json.SelfDescribingJson object at 0x0000018FE3C83960>]}
[0m08:41:39.050541 [info ] [Thread-2 (]: 1 of 1 OK created sql table model PROD.orders_summary .......................... [[32mSUCCESS 2[0m in 1.37s]
[0m08:41:39.051858 [debug] [Thread-2 (]: Finished running node model.snowflake_project.orders_summary
[0m08:41:39.056100 [debug] [MainThread]: Connection 'master' was properly closed.
[0m08:41:39.056587 [debug] [MainThread]: Connection 'list_DCM_LEARNING' was left open.
[0m08:41:39.056908 [debug] [MainThread]: On list_DCM_LEARNING: Close
[0m08:41:39.144843 [debug] [MainThread]: Connection 'list_DCM_LEARNING_PROD' was left open.
[0m08:41:39.145888 [debug] [MainThread]: On list_DCM_LEARNING_PROD: Close
[0m08:41:39.251731 [debug] [MainThread]: Connection 'model.snowflake_project.orders_summary' was left open.
[0m08:41:39.253969 [debug] [MainThread]: On model.snowflake_project.orders_summary: Close
[0m08:41:39.356416 [info ] [MainThread]: 
[0m08:41:39.358621 [info ] [MainThread]: Finished running 1 table model in 0 hours 0 minutes and 3.48 seconds (3.48s).
[0m08:41:39.361807 [debug] [MainThread]: Command end result
[0m08:41:39.448300 [debug] [MainThread]: Wrote artifact WritableManifest to C:\dbt\snowflake_project\target\manifest.json
[0m08:41:39.458167 [debug] [MainThread]: Wrote artifact SemanticManifest to C:\dbt\snowflake_project\target\semantic_manifest.json
[0m08:41:39.468612 [debug] [MainThread]: Wrote artifact OsiDocument to C:\dbt\snowflake_project\target\osi_document.json
[0m08:41:39.481435 [debug] [MainThread]: Wrote artifact RunExecutionResult to C:\dbt\snowflake_project\target\run_results.json
[0m08:41:39.483088 [info ] [MainThread]: 
[0m08:41:39.484468 [info ] [MainThread]: [32mCompleted successfully[0m
[0m08:41:39.485730 [info ] [MainThread]: 
[0m08:41:39.487330 [info ] [MainThread]: Done. PASS=1 WARN=0 ERROR=0 SKIP=0 NO-OP=0 REUSED=0 TOTAL=1
[0m08:41:39.489667 [debug] [MainThread]: Command `dbt run` succeeded at 08:41:39.489252 after 6.42 seconds
[0m08:41:39.490493 [debug] [MainThread]: Sending event: {'category': 'dbt', 'action': 'invocation', 'label': 'end', 'context': [<snowplow_tracker.self_describing_json.SelfDescribingJson object at 0x0000018FE3B97250>, <snowplow_tracker.self_describing_json.SelfDescribingJson object at 0x0000018FE3AA0950>, <snowplow_tracker.self_describing_json.SelfDescribingJson object at 0x0000018FE2C4D850>]}
[0m08:41:39.491230 [debug] [MainThread]: Flushing usage events
[0m08:41:41.020574 [debug] [MainThread]: An error was encountered while trying to flush usage events
